old_record_key,new_record_key,status,match_rule,n_matches,all_matches,old_candidates
Ag_Ag_Babar,VISNIR_ANY_Ag_Babar_0.3_1.1um,UNIQUE,middle_exact:Ag_Babar,1,VISNIR_ANY_Ag_Babar_0.3_1.1um,Ag_Ag_Babar;Ag_Babar
Ag_Ag_Ciesielski,VISNIR_ANY_Ag_Ciesielski_0.3_1.1um,UNIQUE,middle_exact:Ag_Ciesielski,1,VISNIR_ANY_Ag_Ciesielski_0.3_1.1um,Ag_Ag_Ciesielski;Ag_Ciesielski
Ag_Ag_Ciesielski-Ge,VISNIR_ANY_Ag_Ciesielski-Ge_0.3_1.1um,UNIQUE,middle_exact:Ag_Ciesielski-Ge,1,VISNIR_ANY_Ag_Ciesielski-Ge_0.3_1.1um,Ag_Ag_Ciesielski-Ge;Ag_Ciesielski-Ge
Ag_Ag_Ciesielski-Ni,VISNIR_ANY_Ag_Ciesielski-Ni_0.3_1.1um,UNIQUE,middle_exact:Ag_Ciesielski-Ni,1,VISNIR_ANY_Ag_Ciesielski-Ni_0.3_1.1um,Ag_Ag_Ciesielski-Ni;Ag_Ciesielski-Ni
Ag_Ag_Ferrera-298K,VISNIR_ANY_Ag_Ferrera-298K_0.3_1.1um,UNIQUE,middle_exact:Ag_Ferrera-298K,1,VISNIR_ANY_Ag_Ferrera-298K_0.3_1.1um,Ag_Ag_Ferrera-298K;Ag_Ferrera-298K
Ag_Ag_Ferrera-404K,VISNIR_ANY_Ag_Ferrera-404K_0.3_1.1um,UNIQUE,middle_exact:Ag_Ferrera-404K,1,VISNIR_ANY_Ag_Ferrera-404K_0.3_1.1um,Ag_Ag_Ferrera-404K;Ag_Ferrera-404K
Ag_Ag_Ferrera-501K,VISNIR_ANY_Ag_Ferrera-501K_0.3_1.1um,UNIQUE,middle_exact:Ag_Ferrera-501K,1,VISNIR_ANY_Ag_Ferrera-501K_0.3_1.1um,Ag_Ag_Ferrera-501K;Ag_Ferrera-501K
Ag_Ag_Ferrera-600K,VISNIR_ANY_Ag_Ferrera-600K_0.3_1.1um,UNIQUE,middle_exact:Ag_Ferrera-600K,1,VISNIR_ANY_Ag_Ferrera-600K_0.3_1.1um,Ag_Ag_Ferrera-600K;Ag_Ferrera-600K
Ag_Ag_Hagemann,VISNIR_ANY_Ag_Hagemann_0.3_1.1um,UNIQUE,middle_exact:Ag_Hagemann,1,VISNIR_ANY_Ag_Hagemann_0.3_1.1um,Ag_Ag_Hagemann;Ag_Hagemann
Ag_Ag_Jiang,VISNIR_ANY_Ag_Jiang_0.3_1.1um,UNIQUE,middle_exact:Ag_Jiang,1,VISNIR_ANY_Ag_Jiang_0.3_1.1um,Ag_Ag_Jiang;Ag_Jiang
Ag_Ag_Johnson,VISNIR_ANY_Ag_Johnson_0.3_1.1um,UNIQUE,middle_exact:Ag_Johnson,1,VISNIR_ANY_Ag_Johnson_0.3_1.1um,Ag_Ag_Johnson;Ag_Johnson
Ag_Ag_McPeak,VISNIR_ANY_Ag_McPeak_0.3_1.1um,UNIQUE,middle_exact:Ag_McPeak,1,VISNIR_ANY_Ag_McPeak_0.3_1.1um,Ag_Ag_McPeak;Ag_McPeak
Ag_Ag_Rakic-BB,VISNIR_ANY_Ag_Rakic-BB_0.3_1.1um,UNIQUE,middle_exact:Ag_Rakic-BB,1,VISNIR_ANY_Ag_Rakic-BB_0.3_1.1um,Ag_Ag_Rakic-BB;Ag_Rakic-BB
Ag_Ag_Rakic-LD,VISNIR_ANY_Ag_Rakic-LD_0.3_1.1um,UNIQUE,middle_exact:Ag_Rakic-LD,1,VISNIR_ANY_Ag_Rakic-LD_0.3_1.1um,Ag_Ag_Rakic-LD;Ag_Rakic-LD
Ag_Ag_Stahrenberg,VISNIR_ANY_Ag_Stahrenberg_0.3_0.4959um,UNIQUE,middle_exact:Ag_Stahrenberg,1,VISNIR_ANY_Ag_Stahrenberg_0.3_0.4959um,Ag_Ag_Stahrenberg;Ag_Stahrenberg
Ag_Ag_Werner,VISNIR_ANY_Ag_Werner_0.3_1.1um,UNIQUE,middle_exact:Ag_Werner,1,VISNIR_ANY_Ag_Werner_0.3_1.1um,Ag_Ag_Werner;Ag_Werner
Ag_Ag_Werner-DFT,VISNIR_ANY_Ag_Werner-DFT_0.3_1.1um,UNIQUE,middle_exact:Ag_Werner-DFT,1,VISNIR_ANY_Ag_Werner-DFT_0.3_1.1um,Ag_Ag_Werner-DFT;Ag_Werner-DFT
Ag_Ag_Wu,VISNIR_ANY_Ag_Wu_0.3_0.9993um,UNIQUE,middle_exact:Ag_Wu,1,VISNIR_ANY_Ag_Wu_0.3_0.9993um,Ag_Ag_Wu;Ag_Wu
Ag_Ag_Yang,VISNIR_ANY_Ag_Yang_0.3_1.1um,UNIQUE,middle_exact:Ag_Yang,1,VISNIR_ANY_Ag_Yang_0.3_1.1um,Ag_Ag_Yang;Ag_Yang
Al2O3_Al2O3_Boidin,VISNIR_ANY_Al2O3_Boidin_0.3_1.1um,UNIQUE,middle_exact:Al2O3_Boidin,1,VISNIR_ANY_Al2O3_Boidin_0.3_1.1um,Al2O3_Al2O3_Boidin;Al2O3_Boidin
Al2O3_Al2O3_Franta,VISNIR_ANY_Al2O3_Franta_0.3_1.1um,UNIQUE,middle_exact:Al2O3_Franta,1,VISNIR_ANY_Al2O3_Franta_0.3_1.1um,Al2O3_Al2O3_Franta;Al2O3_Franta
Al2O3_Al2O3_Querry,VISNIR_ANY_Al2O3_Querry_0.3_1.1um,UNIQUE,middle_exact:Al2O3_Querry,1,VISNIR_ANY_Al2O3_Querry_0.3_1.1um,Al2O3_Al2O3_Querry;Al2O3_Querry
Al2O3_Al2O3_Querry-e,VISNIR_ANY_Al2O3_Querry-e_0.3_1.1um,UNIQUE,middle_exact:Al2O3_Querry-e,1,VISNIR_ANY_Al2O3_Querry-e_0.3_1.1um,Al2O3_Al2O3_Querry-e;Al2O3_Querry-e
Al2O3_Al2O3_Querry-o,VISNIR_ANY_Al2O3_Querry-o_0.3_1.1um,UNIQUE,middle_exact:Al2O3_Querry-o,1,VISNIR_ANY_Al2O3_Querry-o_0.3_1.1um,Al2O3_Al2O3_Querry-o;Al2O3_Querry-o
Al2O3_Al2O3_Rodriguez_de_Marcos,VISNIR_ANY_Al2O3_Rodriguez_de_Marcos_0.3_1.1um,UNIQUE,middle_exact:Al2O3_Rodriguez_de_Marcos,1,VISNIR_ANY_Al2O3_Rodriguez_de_Marcos_0.3_1.1um,Al2O3_Al2O3_Rodriguez_de_Marcos;Al2O3_Rodriguez_de_Marcos
Al2O3_Al2O3_Zhukovsky,VISNIR_ANY_Al2O3_Zhukovsky_0.3_1.1um,UNIQUE,middle_exact:Al2O3_Zhukovsky,1,VISNIR_ANY_Al2O3_Zhukovsky_0.3_1.1um,Al2O3_Al2O3_Zhukovsky;Al2O3_Zhukovsky
AlAs_AlAs_Gadras,VISNIR_ANY_AlAs_Gadras_0.4502_1.1um,UNIQUE,middle_exact:AlAs_Gadras,1,VISNIR_ANY_AlAs_Gadras_0.4502_1.1um,AlAs_AlAs_Gadras;AlAs_Gadras
AlAs_AlAs_Rakic,VISNIR_ANY_AlAs_Rakic_0.3_1.1um,UNIQUE,middle_exact:AlAs_Rakic,1,VISNIR_ANY_AlAs_Rakic_0.3_1.1um,AlAs_AlAs_Rakic;AlAs_Rakic
AlN_AlN_Beliaev1,VISNIR_ANY_AlN_Beliaev1_0.3_1.1um,UNIQUE,middle_exact:AlN_Beliaev1,1,VISNIR_ANY_AlN_Beliaev1_0.3_1.1um,AlN_AlN_Beliaev1;AlN_Beliaev1
Al_Al_Cheng,VISNIR_ANY_Al_Cheng_0.3_0.9999um,UNIQUE,middle_exact:Al_Cheng,1,VISNIR_ANY_Al_Cheng_0.3_0.9999um,Al_Al_Cheng;Al_Cheng
Al_Al_Hagemann,VISNIR_ANY_Al_Hagemann_0.3_1.1um,UNIQUE,middle_exact:Al_Hagemann,1,VISNIR_ANY_Al_Hagemann_0.3_1.1um,Al_Al_Hagemann;Al_Hagemann
Al_Al_Mathewson,VISNIR_ANY_Al_Mathewson_0.4959_1.1um,UNIQUE,middle_exact:Al_Mathewson,1,VISNIR_ANY_Al_Mathewson_0.4959_1.1um,Al_Al_Mathewson;Al_Mathewson
Al_Al_McPeak,VISNIR_ANY_Al_McPeak_0.3_1.1um,UNIQUE,middle_exact:Al_McPeak,1,VISNIR_ANY_Al_McPeak_0.3_1.1um,Al_Al_McPeak;Al_McPeak
Al_Al_Rakic,VISNIR_ANY_Al_Rakic_0.3_1.1um,UNIQUE,middle_exact:Al_Rakic,1,VISNIR_ANY_Al_Rakic_0.3_1.1um,Al_Al_Rakic;Al_Rakic
Al_Al_Rakic-BB,VISNIR_ANY_Al_Rakic-BB_0.3_1.1um,UNIQUE,middle_exact:Al_Rakic-BB,1,VISNIR_ANY_Al_Rakic-BB_0.3_1.1um,Al_Al_Rakic-BB;Al_Rakic-BB
Al_Al_Rakic-LD,VISNIR_ANY_Al_Rakic-LD_0.3_1.1um,UNIQUE,middle_exact:Al_Rakic-LD,1,VISNIR_ANY_Al_Rakic-LD_0.3_1.1um,Al_Al_Rakic-LD;Al_Rakic-LD
As2S3_As2S3_Slavich-abinitio-alpha,VISNIR_ANY_As2S3_Slavich-abinitio-alpha_0.3_1.1um,UNIQUE,middle_exact:As2S3_Slavich-abinitio-alpha,1,VISNIR_ANY_As2S3_Slavich-abinitio-alpha_0.3_1.1um,As2S3_As2S3_Slavich-abinitio-alpha;As2S3_Slavich-abinitio-alpha
As2S3_As2S3_Slavich-abinitio-beta,VISNIR_ANY_As2S3_Slavich-abinitio-beta_0.3_1.1um,UNIQUE,middle_exact:As2S3_Slavich-abinitio-beta,1,VISNIR_ANY_As2S3_Slavich-abinitio-beta_0.3_1.1um,As2S3_As2S3_Slavich-abinitio-beta;As2S3_Slavich-abinitio-beta
As2S3_As2S3_Slavich-abinitio-gamma,VISNIR_ANY_As2S3_Slavich-abinitio-gamma_0.3_1.1um,UNIQUE,middle_exact:As2S3_Slavich-abinitio-gamma,1,VISNIR_ANY_As2S3_Slavich-abinitio-gamma_0.3_1.1um,As2S3_As2S3_Slavich-abinitio-gamma;As2S3_Slavich-abinitio-gamma
As2S3_As2S3_Slavich-alpha,VISNIR_ANY_As2S3_Slavich-alpha_0.5_0.9um,UNIQUE,middle_exact:As2S3_Slavich-alpha,1,VISNIR_ANY_As2S3_Slavich-alpha_0.5_0.9um,As2S3_As2S3_Slavich-alpha;As2S3_Slavich-alpha
As2S3_As2S3_Slavich-beta,VISNIR_ANY_As2S3_Slavich-beta_0.5_0.9um,UNIQUE,middle_exact:As2S3_Slavich-beta,1,VISNIR_ANY_As2S3_Slavich-beta_0.5_0.9um,As2S3_As2S3_Slavich-beta;As2S3_Slavich-beta
As2S3_As2S3_Slavich-gamma,VISNIR_ANY_As2S3_Slavich-gamma_0.5_0.9um,UNIQUE,middle_exact:As2S3_Slavich-gamma,1,VISNIR_ANY_As2S3_Slavich-gamma_0.5_0.9um,As2S3_As2S3_Slavich-gamma;As2S3_Slavich-gamma
As2S3_As2S3_Synowicki,VISNIR_ANY_As2S3_Synowicki_0.3_1.1um,UNIQUE,middle_exact:As2S3_Synowicki,1,VISNIR_ANY_As2S3_Synowicki_0.3_1.1um,As2S3_As2S3_Synowicki;As2S3_Synowicki
As2Se3_As2Se3_Joseph-400nm,VISNIR_ANY_As2Se3_Joseph-400nm_0.3_1.1um,UNIQUE,middle_exact:As2Se3_Joseph-400nm,1,VISNIR_ANY_As2Se3_Joseph-400nm_0.3_1.1um,As2Se3_As2Se3_Joseph-400nm;As2Se3_Joseph-400nm
As2Se3_As2Se3_Joseph-700nm,VISNIR_ANY_As2Se3_Joseph-700nm_0.3_1.1um,UNIQUE,middle_exact:As2Se3_Joseph-700nm,1,VISNIR_ANY_As2Se3_Joseph-700nm_0.3_1.1um,As2Se3_As2Se3_Joseph-700nm;As2Se3_Joseph-700nm
Au_Au_Babar,VISNIR_ANY_Au_Babar_0.3_1.1um,UNIQUE,middle_exact:Au_Babar,1,VISNIR_ANY_Au_Babar_0.3_1.1um,Au_Au_Babar;Au_Babar
Au_Au_Chen,VISNIR_ANY_Au_Chen_0.3_0.6um,UNIQUE,middle_exact:Au_Chen,1,VISNIR_ANY_Au_Chen_0.3_0.6um,Au_Au_Chen;Au_Chen
Au_Au_Ciesielski,VISNIR_ANY_Au_Ciesielski_0.3_1.1um,UNIQUE,middle_exact:Au_Ciesielski,1,VISNIR_ANY_Au_Ciesielski_0.3_1.1um,Au_Au_Ciesielski;Au_Ciesielski
Au_Au_Ciesielski-Ge,VISNIR_ANY_Au_Ciesielski-Ge_0.3_1.1um,UNIQUE,middle_exact:Au_Ciesielski-Ge,1,VISNIR_ANY_Au_Ciesielski-Ge_0.3_1.1um,Au_Au_Ciesielski-Ge;Au_Ciesielski-Ge
Au_Au_Hagemann,VISNIR_ANY_Au_Hagemann_0.3_1.1um,UNIQUE,middle_exact:Au_Hagemann,1,VISNIR_ANY_Au_Hagemann_0.3_1.1um,Au_Au_Hagemann;Au_Hagemann
Au_Au_Hagemann-2,VISNIR_ANY_Au_Hagemann-2_0.3_0.8266um,UNIQUE,middle_exact:Au_Hagemann-2,1,VISNIR_ANY_Au_Hagemann-2_0.3_0.8266um,Au_Au_Hagemann-2;Au_Hagemann-2
Au_Au_Johnson,VISNIR_ANY_Au_Johnson_0.3_1.1um,UNIQUE,middle_exact:Au_Johnson,1,VISNIR_ANY_Au_Johnson_0.3_1.1um,Au_Au_Johnson;Au_Johnson
Au_Au_Klinavicius-11.4nm,VISNIR_ANY_Au_Klinavicius-11.4nm_0.4_0.9um,UNIQUE,middle_exact:Au_Klinavicius-11.4nm,1,VISNIR_ANY_Au_Klinavicius-11.4nm_0.4_0.9um,Au_Au_Klinavicius-11.4nm;Au_Klinavicius-11.4nm
Au_Au_Klinavicius-19.7nm,VISNIR_ANY_Au_Klinavicius-19.7nm_0.4_0.9um,UNIQUE,middle_exact:Au_Klinavicius-19.7nm,1,VISNIR_ANY_Au_Klinavicius-19.7nm_0.4_0.9um,Au_Au_Klinavicius-19.7nm;Au_Klinavicius-19.7nm
Au_Au_Klinavicius-30.4nm,VISNIR_ANY_Au_Klinavicius-30.4nm_0.4_0.9um,UNIQUE,middle_exact:Au_Klinavicius-30.4nm,1,VISNIR_ANY_Au_Klinavicius-30.4nm_0.4_0.9um,Au_Au_Klinavicius-30.4nm;Au_Klinavicius-30.4nm
Au_Au_Klinavicius-40.0nm,VISNIR_ANY_Au_Klinavicius-40.0nm_0.4_0.9um,UNIQUE,middle_exact:Au_Klinavicius-40.0nm,1,VISNIR_ANY_Au_Klinavicius-40.0nm_0.4_0.9um,Au_Au_Klinavicius-40.0nm;Au_Klinavicius-40.0nm
Au_Au_Klinavicius-7.2nm,VISNIR_ANY_Au_Klinavicius-7.2nm_0.4_0.9um,UNIQUE,middle_exact:Au_Klinavicius-7.2nm,1,VISNIR_ANY_Au_Klinavicius-7.2nm_0.4_0.9um,Au_Au_Klinavicius-7.2nm;Au_Klinavicius-7.2nm
Au_Au_Lemarchand-11.7nm,VISNIR_ANY_Au_Lemarchand-11.7nm_0.35_1.1um,UNIQUE,middle_exact:Au_Lemarchand-11.7nm,1,VISNIR_ANY_Au_Lemarchand-11.7nm_0.35_1.1um,Au_Au_Lemarchand-11.7nm;Au_Lemarchand-11.7nm
Au_Au_Lemarchand-3.96nm,VISNIR_ANY_Au_Lemarchand-3.96nm_0.35_1.1um,UNIQUE,middle_exact:Au_Lemarchand-3.96nm,1,VISNIR_ANY_Au_Lemarchand-3.96nm_0.35_1.1um,Au_Au_Lemarchand-3.96nm;Au_Lemarchand-3.96nm
Au_Au_Lemarchand-4.62nm,VISNIR_ANY_Au_Lemarchand-4.62nm_0.35_1.1um,UNIQUE,middle_exact:Au_Lemarchand-4.62nm,1,VISNIR_ANY_Au_Lemarchand-4.62nm_0.35_1.1um,Au_Au_Lemarchand-4.62nm;Au_Lemarchand-4.62nm
Au_Au_Lemarchand-5.77nm,VISNIR_ANY_Au_Lemarchand-5.77nm_0.35_1.1um,UNIQUE,middle_exact:Au_Lemarchand-5.77nm,1,VISNIR_ANY_Au_Lemarchand-5.77nm_0.35_1.1um,Au_Au_Lemarchand-5.77nm;Au_Lemarchand-5.77nm
Au_Au_Magnozzi-225C,VISNIR_ANY_Au_Magnozzi-225C_0.3_1.1um,UNIQUE,middle_exact:Au_Magnozzi-225C,1,VISNIR_ANY_Au_Magnozzi-225C_0.3_1.1um,Au_Au_Magnozzi-225C;Au_Magnozzi-225C
Au_Au_Magnozzi-25C,VISNIR_ANY_Au_Magnozzi-25C_0.3_1.1um,UNIQUE,middle_exact:Au_Magnozzi-25C,1,VISNIR_ANY_Au_Magnozzi-25C_0.3_1.1um,Au_Au_Magnozzi-25C;Au_Magnozzi-25C
Au_Au_Magnozzi-350C,VISNIR_ANY_Au_Magnozzi-350C_0.3_1.1um,UNIQUE,middle_exact:Au_Magnozzi-350C,1,VISNIR_ANY_Au_Magnozzi-350C_0.3_1.1um,Au_Au_Magnozzi-350C;Au_Magnozzi-350C
Au_Au_McPeak,VISNIR_ANY_Au_McPeak_0.3_1.1um,UNIQUE,middle_exact:Au_McPeak,1,VISNIR_ANY_Au_McPeak_0.3_1.1um,Au_Au_McPeak;Au_McPeak
Au_Au_Olmon-ev,VISNIR_ANY_Au_Olmon-ev_0.3_1.1um,UNIQUE,middle_exact:Au_Olmon-ev,1,VISNIR_ANY_Au_Olmon-ev_0.3_1.1um,Au_Au_Olmon-ev;Au_Olmon-ev
Au_Au_Olmon-sc,VISNIR_ANY_Au_Olmon-sc_0.3_1.1um,UNIQUE,middle_exact:Au_Olmon-sc,1,VISNIR_ANY_Au_Olmon-sc_0.3_1.1um,Au_Au_Olmon-sc;Au_Olmon-sc
Au_Au_Olmon-ts,VISNIR_ANY_Au_Olmon-ts_0.3_1.1um,UNIQUE,middle_exact:Au_Olmon-ts,1,VISNIR_ANY_Au_Olmon-ts_0.3_1.1um,Au_Au_Olmon-ts;Au_Olmon-ts
Au_Au_Rakic-BB,VISNIR_ANY_Au_Rakic-BB_0.3_1.1um,UNIQUE,middle_exact:Au_Rakic-BB,1,VISNIR_ANY_Au_Rakic-BB_0.3_1.1um,Au_Au_Rakic-BB;Au_Rakic-BB
Au_Au_Rakic-LD,VISNIR_ANY_Au_Rakic-LD_0.3_1.1um,UNIQUE,middle_exact:Au_Rakic-LD,1,VISNIR_ANY_Au_Rakic-LD_0.3_1.1um,Au_Au_Rakic-LD;Au_Rakic-LD
Au_Au_Rosenblatt-11nm,VISNIR_ANY_Au_Rosenblatt-11nm_0.3_1.1um,UNIQUE,middle_exact:Au_Rosenblatt-11nm,1,VISNIR_ANY_Au_Rosenblatt-11nm_0.3_1.1um,Au_Au_Rosenblatt-11nm;Au_Rosenblatt-11nm
Au_Au_Rosenblatt-21nm,VISNIR_ANY_Au_Rosenblatt-21nm_0.3_1.1um,UNIQUE,middle_exact:Au_Rosenblatt-21nm,1,VISNIR_ANY_Au_Rosenblatt-21nm_0.3_1.1um,Au_Au_Rosenblatt-21nm;Au_Rosenblatt-21nm
Au_Au_Rosenblatt-44nm,VISNIR_ANY_Au_Rosenblatt-44nm_0.3_1.1um,UNIQUE,middle_exact:Au_Rosenblatt-44nm,1,VISNIR_ANY_Au_Rosenblatt-44nm_0.3_1.1um,Au_Au_Rosenblatt-44nm;Au_Rosenblatt-44nm
Au_Au_Werner,VISNIR_ANY_Au_Werner_0.3_1.1um,UNIQUE,middle_exact:Au_Werner,1,VISNIR_ANY_Au_Werner_0.3_1.1um,Au_Au_Werner;Au_Werner
Au_Au_Werner-DFT,VISNIR_ANY_Au_Werner-DFT_0.3_1.1um,UNIQUE,middle_exact:Au_Werner-DFT,1,VISNIR_ANY_Au_Werner-DFT_0.3_1.1um,Au_Au_Werner-DFT;Au_Werner-DFT
Au_Au_Yakubovsky-117nm,VISNIR_ANY_Au_Yakubovsky-117nm_0.3_1.1um,UNIQUE,middle_exact:Au_Yakubovsky-117nm,1,VISNIR_ANY_Au_Yakubovsky-117nm_0.3_1.1um,Au_Au_Yakubovsky-117nm;Au_Yakubovsky-117nm
Au_Au_Yakubovsky-25nm,VISNIR_ANY_Au_Yakubovsky-25nm_0.3_1.1um,UNIQUE,middle_exact:Au_Yakubovsky-25nm,1,VISNIR_ANY_Au_Yakubovsky-25nm_0.3_1.1um,Au_Au_Yakubovsky-25nm;Au_Yakubovsky-25nm
Au_Au_Yakubovsky-4nm,VISNIR_ANY_Au_Yakubovsky-4nm_0.3_1.1um,UNIQUE,middle_exact:Au_Yakubovsky-4nm,1,VISNIR_ANY_Au_Yakubovsky-4nm_0.3_1.1um,Au_Au_Yakubovsky-4nm;Au_Yakubovsky-4nm
Au_Au_Yakubovsky-53nm,VISNIR_ANY_Au_Yakubovsky-53nm_0.3_1.1um,UNIQUE,middle_exact:Au_Yakubovsky-53nm,1,VISNIR_ANY_Au_Yakubovsky-53nm_0.3_1.1um,Au_Au_Yakubovsky-53nm;Au_Yakubovsky-53nm
Au_Au_Yakubovsky-6nm,VISNIR_ANY_Au_Yakubovsky-6nm_0.3_1.1um,UNIQUE,middle_exact:Au_Yakubovsky-6nm,1,VISNIR_ANY_Au_Yakubovsky-6nm_0.3_1.1um,Au_Au_Yakubovsky-6nm;Au_Yakubovsky-6nm
Au_Au_Yakubovsky-9nm,VISNIR_ANY_Au_Yakubovsky-9nm_0.3_1.1um,UNIQUE,middle_exact:Au_Yakubovsky-9nm,1,VISNIR_ANY_Au_Yakubovsky-9nm_0.3_1.1um,Au_Au_Yakubovsky-9nm;Au_Yakubovsky-9nm
BaF2_BaF2_Querry,VISNIR_ANY_BaF2_Querry_0.3_1.1um,UNIQUE,middle_exact:BaF2_Querry,1,VISNIR_ANY_BaF2_Querry_0.3_1.1um,BaF2_BaF2_Querry;BaF2_Querry
C_C_Arakawa,VISNIR_ANY_C_Arakawa_0.3263_1.1um,UNIQUE,middle_exact:C_Arakawa,1,VISNIR_ANY_C_Arakawa_0.3263_1.1um,C_C_Arakawa;C_Arakawa
C_C_Djurisic-e,VISNIR_ANY_C_Djurisic-e_0.3_0.5904um,UNIQUE,middle_exact:C_Djurisic-e,1,VISNIR_ANY_C_Djurisic-e_0.3_0.5904um,C_C_Djurisic-e;C_Djurisic-e
C_C_Djurisic-o,VISNIR_ANY_C_Djurisic-o_0.3_1.1um,UNIQUE,middle_exact:C_Djurisic-o,1,VISNIR_ANY_C_Djurisic-o_0.3_1.1um,C_C_Djurisic-o;C_Djurisic-o
C_C_El-Sayed,VISNIR_ANY_C_El-Sayed_0.3_1um,UNIQUE,middle_exact:C_El-Sayed,1,VISNIR_ANY_C_El-Sayed_0.3_1um,C_C_El-Sayed;C_El-Sayed
C_C_Ermolaev,VISNIR_ANY_C_Ermolaev_0.3_1.1um,UNIQUE,middle_exact:C_Ermolaev,1,VISNIR_ANY_C_Ermolaev_0.3_1.1um,C_C_Ermolaev;C_Ermolaev
C_C_Ermolaev-SWCNT-e,VISNIR_ANY_C_Ermolaev-SWCNT-e_0.3_1.1um,UNIQUE,middle_exact:C_Ermolaev-SWCNT-e,1,VISNIR_ANY_C_Ermolaev-SWCNT-e_0.3_1.1um,C_C_Ermolaev-SWCNT-e;C_Ermolaev-SWCNT-e
C_C_Ermolaev-SWCNT-o,VISNIR_ANY_C_Ermolaev-SWCNT-o_0.3_1.1um,UNIQUE,middle_exact:C_Ermolaev-SWCNT-o,1,VISNIR_ANY_C_Ermolaev-SWCNT-o_0.3_1.1um,C_C_Ermolaev-SWCNT-o;C_Ermolaev-SWCNT-o
C_C_Larruquert,VISNIR_ANY_C_Larruquert_0.3_1.1um,UNIQUE,middle_exact:C_Larruquert,1,VISNIR_ANY_C_Larruquert_0.3_1.1um,C_C_Larruquert;C_Larruquert
C_C_Phillip,VISNIR_ANY_C_Phillip_0.3_1.1um,UNIQUE,middle_exact:C_Phillip,1,VISNIR_ANY_C_Phillip_0.3_1.1um,C_C_Phillip;C_Phillip
C_C_Querry-Asbury3222,VISNIR_ANY_C_Querry-Asbury3222_0.3_1.1um,UNIQUE,middle_exact:C_Querry-Asbury3222,1,VISNIR_ANY_C_Querry-Asbury3222_0.3_1.1um,C_C_Querry-Asbury3222;C_Querry-Asbury3222
C_C_Querry-AsburyMicro260,VISNIR_ANY_C_Querry-AsburyMicro260_0.3_1.1um,UNIQUE,middle_exact:C_Querry-AsburyMicro260,1,VISNIR_ANY_C_Querry-AsburyMicro260_0.3_1.1um,C_C_Querry-AsburyMicro260;C_Querry-AsburyMicro260
C_C_Querry-Dixon1102,VISNIR_ANY_C_Querry-Dixon1102_0.3_1.1um,UNIQUE,middle_exact:C_Querry-Dixon1102,1,VISNIR_ANY_C_Querry-Dixon1102_0.3_1.1um,C_C_Querry-Dixon1102;C_Querry-Dixon1102
C_C_Querry-Dixon200-10,VISNIR_ANY_C_Querry-Dixon200-10_0.3_1.1um,UNIQUE,middle_exact:C_Querry-Dixon200-10,1,VISNIR_ANY_C_Querry-Dixon200-10_0.3_1.1um,C_C_Querry-Dixon200-10;C_Querry-Dixon200-10
C_C_Querry-DixonHPN2,VISNIR_ANY_C_Querry-DixonHPN2_0.3_1.1um,UNIQUE,middle_exact:C_Querry-DixonHPN2,1,VISNIR_ANY_C_Querry-DixonHPN2_0.3_1.1um,C_C_Querry-DixonHPN2;C_Querry-DixonHPN2
C_C_Querry-DixonKS2,VISNIR_ANY_C_Querry-DixonKS2_0.3_1.1um,UNIQUE,middle_exact:C_Querry-DixonKS2,1,VISNIR_ANY_C_Querry-DixonKS2_0.3_1.1um,C_C_Querry-DixonKS2;C_Querry-DixonKS2
C_C_Querry-Pyrolytic,VISNIR_ANY_C_Querry-Pyrolytic_0.3_1.1um,UNIQUE,middle_exact:C_Querry-Pyrolytic,1,VISNIR_ANY_C_Querry-Pyrolytic_0.3_1.1um,C_C_Querry-Pyrolytic;C_Querry-Pyrolytic
C_C_Song,VISNIR_ANY_C_Song_0.3_1.1um,UNIQUE,middle_exact:C_Song,1,VISNIR_ANY_C_Song_0.3_1.1um,C_C_Song;C_Song
C_C_Song-Arc,VISNIR_ANY_C_Song-Arc_0.371_1.1um,UNIQUE,middle_exact:C_Song-Arc,1,VISNIR_ANY_C_Song-Arc_0.371_1.1um,C_C_Song-Arc;C_Song-Arc
C_C_Song-HiPco,VISNIR_ANY_C_Song-HiPco_0.371_1.1um,UNIQUE,middle_exact:C_Song-HiPco,1,VISNIR_ANY_C_Song-HiPco_0.371_1.1um,C_C_Song-HiPco;C_Song-HiPco
C_C_Song-cHOPG-e,VISNIR_ANY_C_Song-cHOPG-e_0.3_1.1um,UNIQUE,middle_exact:C_Song-cHOPG-e,1,VISNIR_ANY_C_Song-cHOPG-e_0.3_1.1um,C_C_Song-cHOPG-e;C_Song-cHOPG-e
C_C_Song-cHOPG-o,VISNIR_ANY_C_Song-cHOPG-o_0.3_1.1um,UNIQUE,middle_exact:C_Song-cHOPG-o,1,VISNIR_ANY_C_Song-cHOPG-o_0.3_1.1um,C_C_Song-cHOPG-o;C_Song-cHOPG-o
C_C_Song-sHOPG-e,VISNIR_ANY_C_Song-sHOPG-e_0.3_1.1um,UNIQUE,middle_exact:C_Song-sHOPG-e,1,VISNIR_ANY_C_Song-sHOPG-e_0.3_1.1um,C_C_Song-sHOPG-e;C_Song-sHOPG-e
C_C_Song-sHOPG-o,VISNIR_ANY_C_Song-sHOPG-o_0.3_1.1um,UNIQUE,middle_exact:C_Song-sHOPG-o,1,VISNIR_ANY_C_Song-sHOPG-o_0.3_1.1um,C_C_Song-sHOPG-o;C_Song-sHOPG-o
C_C_Taylor,VISNIR_ANY_C_Taylor_0.3_1.1um,UNIQUE,middle_exact:C_Taylor,1,VISNIR_ANY_C_Taylor_0.3_1.1um,C_C_Taylor;C_Taylor
C_C_Tikuisis,VISNIR_ANY_C_Tikuisis_0.3_1.1um,UNIQUE,middle_exact:C_Tikuisis,1,VISNIR_ANY_C_Tikuisis_0.3_1.1um,C_C_Tikuisis;C_Tikuisis
C_C_Weber,VISNIR_ANY_C_Weber_0.3_0.999um,UNIQUE,middle_exact:C_Weber,1,VISNIR_ANY_C_Weber_0.3_0.999um,C_C_Weber;C_Weber
CdS_CdS_Ninomiya-e,VISNIR_ANY_CdS_Ninomiya-e_0.3_1.033um,UNIQUE,middle_exact:CdS_Ninomiya-e,1,VISNIR_ANY_CdS_Ninomiya-e_0.3_1.033um,CdS_CdS_Ninomiya-e;CdS_Ninomiya-e
CdS_CdS_Ninomiya-o,VISNIR_ANY_CdS_Ninomiya-o_0.3_1.033um,UNIQUE,middle_exact:CdS_Ninomiya-o,1,VISNIR_ANY_CdS_Ninomiya-o_0.3_1.033um,CdS_CdS_Ninomiya-o;CdS_Ninomiya-o
CdS_CdS_Treharne,VISNIR_ANY_CdS_Treharne_0.3014_1.1um,UNIQUE,middle_exact:CdS_Treharne,1,VISNIR_ANY_CdS_Treharne_0.3014_1.1um,CdS_CdS_Treharne;CdS_Treharne
CdSe_CdSe_Ninomiya-cubic,VISNIR_ANY_CdSe_Ninomiya-cubic_0.3_0.8266um,UNIQUE,middle_exact:CdSe_Ninomiya-cubic,1,VISNIR_ANY_CdSe_Ninomiya-cubic_0.3_0.8266um,CdSe_CdSe_Ninomiya-cubic;CdSe_Ninomiya-cubic
CdSe_CdSe_Ninomiya-e,VISNIR_ANY_CdSe_Ninomiya-e_0.3_1.033um,UNIQUE,middle_exact:CdSe_Ninomiya-e,1,VISNIR_ANY_CdSe_Ninomiya-e_0.3_1.033um,CdSe_CdSe_Ninomiya-e;CdSe_Ninomiya-e
CdSe_CdSe_Ninomiya-o,VISNIR_ANY_CdSe_Ninomiya-o_0.3_1.033um,UNIQUE,middle_exact:CdSe_Ninomiya-o,1,VISNIR_ANY_CdSe_Ninomiya-o_0.3_1.033um,CdSe_CdSe_Ninomiya-o;CdSe_Ninomiya-o
CdTe_CdTe_Adachi,VISNIR_ANY_CdTe_Adachi_0.3_1.1um,UNIQUE,middle_exact:CdTe_Adachi,1,VISNIR_ANY_CdTe_Adachi_0.3_1.1um,CdTe_CdTe_Adachi;CdTe_Adachi
CdTe_CdTe_Treharne,VISNIR_ANY_CdTe_Treharne_0.3014_1.1um,UNIQUE,middle_exact:CdTe_Treharne,1,VISNIR_ANY_CdTe_Treharne_0.3014_1.1um,CdTe_CdTe_Treharne;CdTe_Treharne
Co_Co_Johnson,VISNIR_ANY_Co_Johnson_0.3_1.1um,UNIQUE,middle_exact:Co_Johnson,1,VISNIR_ANY_Co_Johnson_0.3_1.1um,Co_Co_Johnson;Co_Johnson
Co_Co_Werner,VISNIR_ANY_Co_Werner_0.3_1.1um,UNIQUE,middle_exact:Co_Werner,1,VISNIR_ANY_Co_Werner_0.3_1.1um,Co_Co_Werner;Co_Werner
Co_Co_Werner-DFT,VISNIR_ANY_Co_Werner-DFT_0.3_1.1um,UNIQUE,middle_exact:Co_Werner-DFT,1,VISNIR_ANY_Co_Werner-DFT_0.3_1.1um,Co_Co_Werner-DFT;Co_Werner-DFT
Cr_Cr_Johnson,VISNIR_ANY_Cr_Johnson_0.3_1.1um,UNIQUE,middle_exact:Cr_Johnson,1,VISNIR_ANY_Cr_Johnson_0.3_1.1um,Cr_Cr_Johnson;Cr_Johnson
Cr_Cr_Rakic-BB,VISNIR_ANY_Cr_Rakic-BB_0.3_1.1um,UNIQUE,middle_exact:Cr_Rakic-BB,1,VISNIR_ANY_Cr_Rakic-BB_0.3_1.1um,Cr_Cr_Rakic-BB;Cr_Rakic-BB
Cr_Cr_Rakic-LD,VISNIR_ANY_Cr_Rakic-LD_0.3_1.1um,UNIQUE,middle_exact:Cr_Rakic-LD,1,VISNIR_ANY_Cr_Rakic-LD_0.3_1.1um,Cr_Cr_Rakic-LD;Cr_Rakic-LD
Cr_Cr_Sytchkova,VISNIR_ANY_Cr_Sytchkova_0.3_1.1um,UNIQUE,middle_exact:Cr_Sytchkova,1,VISNIR_ANY_Cr_Sytchkova_0.3_1.1um,Cr_Cr_Sytchkova;Cr_Sytchkova
Cu_Cu_Babar,VISNIR_ANY_Cu_Babar_0.3_1.1um,UNIQUE,middle_exact:Cu_Babar,1,VISNIR_ANY_Cu_Babar_0.3_1.1um,Cu_Cu_Babar;Cu_Babar
Cu_Cu_Hagemann,VISNIR_ANY_Cu_Hagemann_0.3_1.1um,UNIQUE,middle_exact:Cu_Hagemann,1,VISNIR_ANY_Cu_Hagemann_0.3_1.1um,Cu_Cu_Hagemann;Cu_Hagemann
Cu_Cu_Johnson,VISNIR_ANY_Cu_Johnson_0.3_1.1um,UNIQUE,middle_exact:Cu_Johnson,1,VISNIR_ANY_Cu_Johnson_0.3_1.1um,Cu_Cu_Johnson;Cu_Johnson
Cu_Cu_McPeak,VISNIR_ANY_Cu_McPeak_0.3_1.1um,UNIQUE,middle_exact:Cu_McPeak,1,VISNIR_ANY_Cu_McPeak_0.3_1.1um,Cu_Cu_McPeak;Cu_McPeak
Cu_Cu_Querry,VISNIR_ANY_Cu_Querry_0.3_1.1um,UNIQUE,middle_exact:Cu_Querry,1,VISNIR_ANY_Cu_Querry_0.3_1.1um,Cu_Cu_Querry;Cu_Querry
Cu_Cu_Rakic-BB,VISNIR_ANY_Cu_Rakic-BB_0.3_1.1um,UNIQUE,middle_exact:Cu_Rakic-BB,1,VISNIR_ANY_Cu_Rakic-BB_0.3_1.1um,Cu_Cu_Rakic-BB;Cu_Rakic-BB
Cu_Cu_Rakic-LD,VISNIR_ANY_Cu_Rakic-LD_0.3_1.1um,UNIQUE,middle_exact:Cu_Rakic-LD,1,VISNIR_ANY_Cu_Rakic-LD_0.3_1.1um,Cu_Cu_Rakic-LD;Cu_Rakic-LD
Cu_Cu_Stahrenberg,VISNIR_ANY_Cu_Stahrenberg_0.3_0.4959um,UNIQUE,middle_exact:Cu_Stahrenberg,1,VISNIR_ANY_Cu_Stahrenberg_0.3_0.4959um,Cu_Cu_Stahrenberg;Cu_Stahrenberg
Cu_Cu_Werner,VISNIR_ANY_Cu_Werner_0.3_1.1um,UNIQUE,middle_exact:Cu_Werner,1,VISNIR_ANY_Cu_Werner_0.3_1.1um,Cu_Cu_Werner;Cu_Werner
Cu_Cu_Werner-DFT,VISNIR_ANY_Cu_Werner-DFT_0.3_1.1um,UNIQUE,middle_exact:Cu_Werner-DFT,1,VISNIR_ANY_Cu_Werner-DFT_0.3_1.1um,Cu_Cu_Werner-DFT;Cu_Werner-DFT
Fe2O3_Fe2O3_Querry-e,VISNIR_ANY_Fe2O3_Querry-e_0.3_1.1um,UNIQUE,middle_exact:Fe2O3_Querry-e,1,VISNIR_ANY_Fe2O3_Querry-e_0.3_1.1um,Fe2O3_Fe2O3_Querry-e;Fe2O3_Querry-e
Fe2O3_Fe2O3_Querry-o,VISNIR_ANY_Fe2O3_Querry-o_0.3_1.1um,UNIQUE,middle_exact:Fe2O3_Querry-o,1,VISNIR_ANY_Fe2O3_Querry-o_0.3_1.1um,Fe2O3_Fe2O3_Querry-o;Fe2O3_Querry-o
Fe3O4_Fe3O4_Querry,VISNIR_ANY_Fe3O4_Querry_0.3_1.1um,UNIQUE,middle_exact:Fe3O4_Querry,1,VISNIR_ANY_Fe3O4_Querry_0.3_1.1um,Fe3O4_Fe3O4_Querry;Fe3O4_Querry
Fe_Fe_Johnson,VISNIR_ANY_Fe_Johnson_0.3_1.1um,UNIQUE,middle_exact:Fe_Johnson,1,VISNIR_ANY_Fe_Johnson_0.3_1.1um,Fe_Fe_Johnson;Fe_Johnson
Fe_Fe_Querry,VISNIR_ANY_Fe_Querry_0.3_1.1um,UNIQUE,middle_exact:Fe_Querry,1,VISNIR_ANY_Fe_Querry_0.3_1.1um,Fe_Fe_Querry;Fe_Querry
Fe_Fe_Werner,VISNIR_ANY_Fe_Werner_0.3_1.1um,UNIQUE,middle_exact:Fe_Werner,1,VISNIR_ANY_Fe_Werner_0.3_1.1um,Fe_Fe_Werner;Fe_Werner
Fe_Fe_Werner-DFT,VISNIR_ANY_Fe_Werner-DFT_0.3_1.1um,UNIQUE,middle_exact:Fe_Werner-DFT,1,VISNIR_ANY_Fe_Werner-DFT_0.3_1.1um,Fe_Fe_Werner-DFT;Fe_Werner-DFT
GaAs_GaAs_Adachi,VISNIR_ANY_GaAs_Adachi_0.3_1.1um,UNIQUE,middle_exact:GaAs_Adachi,1,VISNIR_ANY_GaAs_Adachi_0.3_1.1um,GaAs_GaAs_Adachi;GaAs_Adachi
GaAs_GaAs_Aspnes,VISNIR_ANY_GaAs_Aspnes_0.3_0.8266um,UNIQUE,middle_exact:GaAs_Aspnes,1,VISNIR_ANY_GaAs_Aspnes_0.3_0.8266um,GaAs_GaAs_Aspnes;GaAs_Aspnes
GaAs_GaAs_Franta-300K,VISNIR_ANY_GaAs_Franta-300K_0.8952_1.1um,UNIQUE,middle_exact:GaAs_Franta-300K,1,VISNIR_ANY_GaAs_Franta-300K_0.8952_1.1um,GaAs_GaAs_Franta-300K;GaAs_Franta-300K
GaAs_GaAs_Franta-370K,VISNIR_ANY_GaAs_Franta-370K_0.9223_1.1um,UNIQUE,middle_exact:GaAs_Franta-370K,1,VISNIR_ANY_GaAs_Franta-370K_0.9223_1.1um,GaAs_GaAs_Franta-370K;GaAs_Franta-370K
GaAs_GaAs_Franta-440K,VISNIR_ANY_GaAs_Franta-440K_0.9521_1.1um,UNIQUE,middle_exact:GaAs_Franta-440K,1,VISNIR_ANY_GaAs_Franta-440K_0.9521_1.1um,GaAs_GaAs_Franta-440K;GaAs_Franta-440K
GaAs_GaAs_Gadras,VISNIR_ANY_GaAs_Gadras_0.4502_1.1um,UNIQUE,middle_exact:GaAs_Gadras,1,VISNIR_ANY_GaAs_Gadras_0.4502_1.1um,GaAs_GaAs_Gadras;GaAs_Gadras
GaAs_GaAs_Jellison,VISNIR_ANY_GaAs_Jellison_0.3_0.84um,UNIQUE,middle_exact:GaAs_Jellison,1,VISNIR_ANY_GaAs_Jellison_0.3_0.84um,GaAs_GaAs_Jellison;GaAs_Jellison
GaAs_GaAs_Ozaki,VISNIR_ANY_GaAs_Ozaki_0.3_1.033um,UNIQUE,middle_exact:GaAs_Ozaki,1,VISNIR_ANY_GaAs_Ozaki_0.3_1.033um,GaAs_GaAs_Ozaki;GaAs_Ozaki
GaAs_GaAs_Papatryfonos,VISNIR_ANY_GaAs_Papatryfonos_0.3_1.1um,UNIQUE,middle_exact:GaAs_Papatryfonos,1,VISNIR_ANY_GaAs_Papatryfonos_0.3_1.1um,GaAs_GaAs_Papatryfonos;GaAs_Papatryfonos
GaAs_GaAs_Rakic,VISNIR_ANY_GaAs_Rakic_0.3_1.1um,UNIQUE,middle_exact:GaAs_Rakic,1,VISNIR_ANY_GaAs_Rakic_0.3_1.1um,GaAs_GaAs_Rakic;GaAs_Rakic
GaN_GaN_Kawashima,VISNIR_ANY_GaN_Kawashima_0.3_0.9919um,UNIQUE,middle_exact:GaN_Kawashima,1,VISNIR_ANY_GaN_Kawashima_0.3_0.9919um,GaN_GaN_Kawashima;GaN_Kawashima
GaN_GaN_Lin-wurtzite,VISNIR_ANY_GaN_Lin-wurtzite_0.3681_0.9917um,UNIQUE,middle_exact:GaN_Lin-wurtzite,1,VISNIR_ANY_GaN_Lin-wurtzite_0.3681_0.9917um,GaN_GaN_Lin-wurtzite;GaN_Lin-wurtzite
GaN_GaN_Lin-zincblende,VISNIR_ANY_GaN_Lin-zincblende_0.3854_0.9603um,UNIQUE,middle_exact:GaN_Lin-zincblende,1,VISNIR_ANY_GaN_Lin-zincblende_0.3854_0.9603um,GaN_GaN_Lin-zincblende;GaN_Lin-zincblende
GaP_GaP_Adachi,VISNIR_ANY_GaP_Adachi_0.3_1.1um,UNIQUE,middle_exact:GaP_Adachi,1,VISNIR_ANY_GaP_Adachi_0.3_1.1um,GaP_GaP_Adachi;GaP_Adachi
GaP_GaP_Aspnes,VISNIR_ANY_GaP_Aspnes_0.3_0.8266um,UNIQUE,middle_exact:GaP_Aspnes,1,VISNIR_ANY_GaP_Aspnes_0.3_0.8266um,GaP_GaP_Aspnes;GaP_Aspnes
GaP_GaP_Jellison,VISNIR_ANY_GaP_Jellison_0.3_0.84um,UNIQUE,middle_exact:GaP_Jellison,1,VISNIR_ANY_GaP_Jellison_0.3_0.84um,GaP_GaP_Jellison;GaP_Jellison
GaP_GaP_Khmelevskaia,VISNIR_ANY_GaP_Khmelevskaia_0.3_1.1um,UNIQUE,middle_exact:GaP_Khmelevskaia,1,VISNIR_ANY_GaP_Khmelevskaia_0.3_1.1um,GaP_GaP_Khmelevskaia;GaP_Khmelevskaia
GaSb_GaSb_Adachi,VISNIR_ANY_GaSb_Adachi_0.3_1.1um,UNIQUE,middle_exact:GaSb_Adachi,1,VISNIR_ANY_GaSb_Adachi_0.3_1.1um,GaSb_GaSb_Adachi;GaSb_Adachi
GaSb_GaSb_Aspnes,VISNIR_ANY_GaSb_Aspnes_0.3_0.8266um,UNIQUE,middle_exact:GaSb_Aspnes,1,VISNIR_ANY_GaSb_Aspnes_0.3_0.8266um,GaSb_GaSb_Aspnes;GaSb_Aspnes
GaSb_GaSb_Djurisic,VISNIR_ANY_GaSb_Djurisic_0.3_1.1um,UNIQUE,middle_exact:GaSb_Djurisic,1,VISNIR_ANY_GaSb_Djurisic_0.3_1.1um,GaSb_GaSb_Djurisic;GaSb_Djurisic
GeS2_GeS2_Slavich-abinitio-alpha,VISNIR_ANY_GeS2_Slavich-abinitio-alpha_0.3_1.1um,UNIQUE,middle_exact:GeS2_Slavich-abinitio-alpha,1,VISNIR_ANY_GeS2_Slavich-abinitio-alpha_0.3_1.1um,GeS2_GeS2_Slavich-abinitio-alpha;GeS2_Slavich-abinitio-alpha
GeS2_GeS2_Slavich-abinitio-beta,VISNIR_ANY_GeS2_Slavich-abinitio-beta_0.3_1.1um,UNIQUE,middle_exact:GeS2_Slavich-abinitio-beta,1,VISNIR_ANY_GeS2_Slavich-abinitio-beta_0.3_1.1um,GeS2_GeS2_Slavich-abinitio-beta;GeS2_Slavich-abinitio-beta
GeS2_GeS2_Slavich-abinitio-gamma,VISNIR_ANY_GeS2_Slavich-abinitio-gamma_0.3_1.1um,UNIQUE,middle_exact:GeS2_Slavich-abinitio-gamma,1,VISNIR_ANY_GeS2_Slavich-abinitio-gamma_0.3_1.1um,GeS2_GeS2_Slavich-abinitio-gamma;GeS2_Slavich-abinitio-gamma
GeS2_GeS2_Slavich-alpha,VISNIR_ANY_GeS2_Slavich-alpha_0.3_1.1um,UNIQUE,middle_exact:GeS2_Slavich-alpha,1,VISNIR_ANY_GeS2_Slavich-alpha_0.3_1.1um,GeS2_GeS2_Slavich-alpha;GeS2_Slavich-alpha
GeS2_GeS2_Slavich-beta,VISNIR_ANY_GeS2_Slavich-beta_0.3_1.1um,UNIQUE,middle_exact:GeS2_Slavich-beta,1,VISNIR_ANY_GeS2_Slavich-beta_0.3_1.1um,GeS2_GeS2_Slavich-beta;GeS2_Slavich-beta
GeS2_GeS2_Slavich-gamma,VISNIR_ANY_GeS2_Slavich-gamma_0.3_1.1um,UNIQUE,middle_exact:GeS2_Slavich-gamma,1,VISNIR_ANY_GeS2_Slavich-gamma_0.3_1.1um,GeS2_GeS2_Slavich-gamma;GeS2_Slavich-gamma
Ge_Ge_Amotchkina,VISNIR_ANY_Ge_Amotchkina_0.4_1.1um,UNIQUE,middle_exact:Ge_Amotchkina,1,VISNIR_ANY_Ge_Amotchkina_0.4_1.1um,Ge_Ge_Amotchkina;Ge_Amotchkina
Ge_Ge_Amotchkina-film,VISNIR_ANY_Ge_Amotchkina-film_0.4_1.1um,UNIQUE,middle_exact:Ge_Amotchkina-film,1,VISNIR_ANY_Ge_Amotchkina-film_0.4_1.1um,Ge_Ge_Amotchkina-film;Ge_Amotchkina-film
Ge_Ge_Aspnes,VISNIR_ANY_Ge_Aspnes_0.3_0.8266um,UNIQUE,middle_exact:Ge_Aspnes,1,VISNIR_ANY_Ge_Aspnes_0.3_0.8266um,Ge_Ge_Aspnes;Ge_Aspnes
Ge_Ge_Ciesielski-20nm,VISNIR_ANY_Ge_Ciesielski-20nm_0.3_1.1um,UNIQUE,middle_exact:Ge_Ciesielski-20nm,1,VISNIR_ANY_Ge_Ciesielski-20nm_0.3_1.1um,Ge_Ge_Ciesielski-20nm;Ge_Ciesielski-20nm
Ge_Ge_Ciesielski-2nm,VISNIR_ANY_Ge_Ciesielski-2nm_0.3_1.1um,UNIQUE,middle_exact:Ge_Ciesielski-2nm,1,VISNIR_ANY_Ge_Ciesielski-2nm_0.3_1.1um,Ge_Ge_Ciesielski-2nm;Ge_Ciesielski-2nm
Ge_Ge_Jellison,VISNIR_ANY_Ge_Jellison_0.3_0.84um,UNIQUE,middle_exact:Ge_Jellison,1,VISNIR_ANY_Ge_Jellison_0.3_0.84um,Ge_Ge_Jellison;Ge_Jellison
Ge_Ge_Nunley,VISNIR_ANY_Ge_Nunley_0.3_1.1um,UNIQUE,middle_exact:Ge_Nunley,1,VISNIR_ANY_Ge_Nunley_0.3_1.1um,Ge_Ge_Nunley;Ge_Nunley
HfO2_HfO2_Bright,VISNIR_ANY_HfO2_Bright_0.3846_1.1um,UNIQUE,middle_exact:HfO2_Bright,1,VISNIR_ANY_HfO2_Bright_0.3846_1.1um,HfO2_HfO2_Bright;HfO2_Bright
HfO2_HfO2_Franta,VISNIR_ANY_HfO2_Franta_0.3_1.1um,UNIQUE,middle_exact:HfO2_Franta,1,VISNIR_ANY_HfO2_Franta_0.3_1.1um,HfO2_HfO2_Franta;HfO2_Franta
HfO2_HfO2_Siefke,VISNIR_ANY_HfO2_Siefke_0.3_0.6199um,UNIQUE,middle_exact:HfO2_Siefke,1,VISNIR_ANY_HfO2_Siefke_0.3_0.6199um,HfO2_HfO2_Siefke;HfO2_Siefke
InAs_InAs_Adachi,VISNIR_ANY_InAs_Adachi_0.3_1.1um,UNIQUE,middle_exact:InAs_Adachi,1,VISNIR_ANY_InAs_Adachi_0.3_1.1um,InAs_InAs_Adachi;InAs_Adachi
InAs_InAs_Aspnes,VISNIR_ANY_InAs_Aspnes_0.3_0.8266um,UNIQUE,middle_exact:InAs_Aspnes,1,VISNIR_ANY_InAs_Aspnes_0.3_0.8266um,InAs_InAs_Aspnes;InAs_Aspnes
InP_InP_Adachi,VISNIR_ANY_InP_Adachi_0.3_1.1um,UNIQUE,middle_exact:InP_Adachi,1,VISNIR_ANY_InP_Adachi_0.3_1.1um,InP_InP_Adachi;InP_Adachi
InP_InP_Aspnes,VISNIR_ANY_InP_Aspnes_0.3_0.8266um,UNIQUE,middle_exact:InP_Aspnes,1,VISNIR_ANY_InP_Aspnes_0.3_0.8266um,InP_InP_Aspnes;InP_Aspnes
InSb_InSb_Adachi,VISNIR_ANY_InSb_Adachi_0.3_1.1um,UNIQUE,middle_exact:InSb_Adachi,1,VISNIR_ANY_InSb_Adachi_0.3_1.1um,InSb_InSb_Adachi;InSb_Adachi
InSb_InSb_Aspnes,VISNIR_ANY_InSb_Aspnes_0.3_0.8266um,UNIQUE,middle_exact:InSb_Aspnes,1,VISNIR_ANY_InSb_Aspnes_0.3_0.8266um,InSb_InSb_Aspnes;InSb_Aspnes
InSb_InSb_Djurisic,VISNIR_ANY_InSb_Djurisic_0.3_1.1um,UNIQUE,middle_exact:InSb_Djurisic,1,VISNIR_ANY_InSb_Djurisic_0.3_1.1um,InSb_InSb_Djurisic;InSb_Djurisic
MgF2_MgF2_Franta,VISNIR_ANY_MgF2_Franta_0.3_1.1um,UNIQUE,middle_exact:MgF2_Franta,1,VISNIR_ANY_MgF2_Franta_0.3_1.1um,MgF2_MgF2_Franta;MgF2_Franta
MgF2_MgF2_Rodriguez-de_Marcos,VISNIR_ANY_MgF2_Rodriguez-de_Marcos_0.3_1.1um,UNIQUE,middle_exact:MgF2_Rodriguez-de_Marcos,1,VISNIR_ANY_MgF2_Rodriguez-de_Marcos_0.3_1.1um,MgF2_MgF2_Rodriguez-de_Marcos;MgF2_Rodriguez-de_Marcos
MgO_MgO_Synowicki,VISNIR_ANY_MgO_Synowicki_0.3_1.1um,UNIQUE,middle_exact:MgO_Synowicki,1,VISNIR_ANY_MgO_Synowicki_0.3_1.1um,MgO_MgO_Synowicki;MgO_Synowicki
MoO3_MoO3_Lajaunie-alpha,VISNIR_ANY_MoO3_Lajaunie-alpha_0.3_1.1um,UNIQUE,middle_exact:MoO3_Lajaunie-alpha,1,VISNIR_ANY_MoO3_Lajaunie-alpha_0.3_1.1um,MoO3_MoO3_Lajaunie-alpha;MoO3_Lajaunie-alpha
MoO3_MoO3_Lajaunie-beta,VISNIR_ANY_MoO3_Lajaunie-beta_0.3_1.1um,UNIQUE,middle_exact:MoO3_Lajaunie-beta,1,VISNIR_ANY_MoO3_Lajaunie-beta_0.3_1.1um,MoO3_MoO3_Lajaunie-beta;MoO3_Lajaunie-beta
MoO3_MoO3_Lajaunie-gamma,VISNIR_ANY_MoO3_Lajaunie-gamma_0.3_1.1um,UNIQUE,middle_exact:MoO3_Lajaunie-gamma,1,VISNIR_ANY_MoO3_Lajaunie-gamma_0.3_1.1um,MoO3_MoO3_Lajaunie-gamma;MoO3_Lajaunie-gamma
MoO3_MoO3_Stelling,VISNIR_ANY_MoO3_Stelling_0.3008_0.8994um,UNIQUE,middle_exact:MoO3_Stelling,1,VISNIR_ANY_MoO3_Stelling_0.3008_0.8994um,MoO3_MoO3_Stelling;MoO3_Stelling
MoO3_MoO3_Vos,VISNIR_ANY_MoO3_Vos_0.3_0.9993um,UNIQUE,middle_exact:MoO3_Vos,1,VISNIR_ANY_MoO3_Vos_0.3_0.9993um,MoO3_MoO3_Vos;MoO3_Vos
MoS2_MoS2_Beal,VISNIR_ANY_MoS2_Beal_0.3_1.1um,UNIQUE,middle_exact:MoS2_Beal,1,VISNIR_ANY_MoS2_Beal_0.3_1.1um,MoS2_MoS2_Beal;MoS2_Beal
MoS2_MoS2_Ermolaev-1L,VISNIR_ANY_MoS2_Ermolaev-1L_0.3_1.1um,UNIQUE,middle_exact:MoS2_Ermolaev-1L,1,VISNIR_ANY_MoS2_Ermolaev-1L_0.3_1.1um,MoS2_MoS2_Ermolaev-1L;MoS2_Ermolaev-1L
MoS2_MoS2_Ermolaev-e,VISNIR_ANY_MoS2_Ermolaev-e_0.36_1.1um,UNIQUE,middle_exact:MoS2_Ermolaev-e,1,VISNIR_ANY_MoS2_Ermolaev-e_0.36_1.1um,MoS2_MoS2_Ermolaev-e;MoS2_Ermolaev-e
MoS2_MoS2_Ermolaev-o,VISNIR_ANY_MoS2_Ermolaev-o_0.3_1.1um,UNIQUE,middle_exact:MoS2_Ermolaev-o,1,VISNIR_ANY_MoS2_Ermolaev-o_0.3_1.1um,MoS2_MoS2_Ermolaev-o;MoS2_Ermolaev-o
MoS2_MoS2_Hsu-1L,VISNIR_ANY_MoS2_Hsu-1L_0.397_0.857um,UNIQUE,middle_exact:MoS2_Hsu-1L,1,VISNIR_ANY_MoS2_Hsu-1L_0.397_0.857um,MoS2_MoS2_Hsu-1L;MoS2_Hsu-1L
MoS2_MoS2_Hsu-2L,VISNIR_ANY_MoS2_Hsu-2L_0.397_0.857um,UNIQUE,middle_exact:MoS2_Hsu-2L,1,VISNIR_ANY_MoS2_Hsu-2L_0.397_0.857um,MoS2_MoS2_Hsu-2L;MoS2_Hsu-2L
MoS2_MoS2_Hsu-3L,VISNIR_ANY_MoS2_Hsu-3L_0.397_0.857um,UNIQUE,middle_exact:MoS2_Hsu-3L,1,VISNIR_ANY_MoS2_Hsu-3L_0.397_0.857um,MoS2_MoS2_Hsu-3L;MoS2_Hsu-3L
MoS2_MoS2_Islam-1L,VISNIR_ANY_MoS2_Islam-1L_0.3_1.1um,UNIQUE,middle_exact:MoS2_Islam-1L,1,VISNIR_ANY_MoS2_Islam-1L_0.3_1.1um,MoS2_MoS2_Islam-1L;MoS2_Islam-1L
MoS2_MoS2_Islam-e,VISNIR_ANY_MoS2_Islam-e_0.954_1.1um,UNIQUE,middle_exact:MoS2_Islam-e,1,VISNIR_ANY_MoS2_Islam-e_0.954_1.1um,MoS2_MoS2_Islam-e;MoS2_Islam-e
MoS2_MoS2_Islam-fewL,VISNIR_ANY_MoS2_Islam-fewL_0.3_1.1um,UNIQUE,middle_exact:MoS2_Islam-fewL,1,VISNIR_ANY_MoS2_Islam-fewL_0.3_1.1um,MoS2_MoS2_Islam-fewL;MoS2_Islam-fewL
MoS2_MoS2_Islam-o,VISNIR_ANY_MoS2_Islam-o_0.3_1.1um,UNIQUE,middle_exact:MoS2_Islam-o,1,VISNIR_ANY_MoS2_Islam-o_0.3_1.1um,MoS2_MoS2_Islam-o;MoS2_Islam-o
MoS2_MoS2_Jung,VISNIR_ANY_MoS2_Jung_0.3813_0.8934um,UNIQUE,middle_exact:MoS2_Jung,1,VISNIR_ANY_MoS2_Jung_0.3813_0.8934um,MoS2_MoS2_Jung;MoS2_Jung
MoS2_MoS2_Munkhbat-e,VISNIR_ANY_MoS2_Munkhbat-e_0.3_1.1um,UNIQUE,middle_exact:MoS2_Munkhbat-e,1,VISNIR_ANY_MoS2_Munkhbat-e_0.3_1.1um,MoS2_MoS2_Munkhbat-e;MoS2_Munkhbat-e
MoS2_MoS2_Munkhbat-o,VISNIR_ANY_MoS2_Munkhbat-o_0.3_1.1um,UNIQUE,middle_exact:MoS2_Munkhbat-o,1,VISNIR_ANY_MoS2_Munkhbat-o_0.3_1.1um,MoS2_MoS2_Munkhbat-o;MoS2_Munkhbat-o
MoS2_MoS2_Song-10L,VISNIR_ANY_MoS2_Song-10L_0.3_1.1um,UNIQUE,middle_exact:MoS2_Song-10L,1,VISNIR_ANY_MoS2_Song-10L_0.3_1.1um,MoS2_MoS2_Song-10L;MoS2_Song-10L
MoS2_MoS2_Song-13L,VISNIR_ANY_MoS2_Song-13L_0.3_1.1um,UNIQUE,middle_exact:MoS2_Song-13L,1,VISNIR_ANY_MoS2_Song-13L_0.3_1.1um,MoS2_MoS2_Song-13L;MoS2_Song-13L
MoS2_MoS2_Song-1L,VISNIR_ANY_MoS2_Song-1L_0.3_1.1um,UNIQUE,middle_exact:MoS2_Song-1L,1,VISNIR_ANY_MoS2_Song-1L_0.3_1.1um,MoS2_MoS2_Song-1L;MoS2_Song-1L
MoS2_MoS2_Song-3L,VISNIR_ANY_MoS2_Song-3L_0.3_1.1um,UNIQUE,middle_exact:MoS2_Song-3L,1,VISNIR_ANY_MoS2_Song-3L_0.3_1.1um,MoS2_MoS2_Song-3L;MoS2_Song-3L
MoS2_MoS2_Song-4L,VISNIR_ANY_MoS2_Song-4L_0.3_1.1um,UNIQUE,middle_exact:MoS2_Song-4L,1,VISNIR_ANY_MoS2_Song-4L_0.3_1.1um,MoS2_MoS2_Song-4L;MoS2_Song-4L
MoS2_MoS2_Song-6L,VISNIR_ANY_MoS2_Song-6L_0.3_1.1um,UNIQUE,middle_exact:MoS2_Song-6L,1,VISNIR_ANY_MoS2_Song-6L_0.3_1.1um,MoS2_MoS2_Song-6L;MoS2_Song-6L
MoS2_MoS2_Song-8L,VISNIR_ANY_MoS2_Song-8L_0.3_1.1um,UNIQUE,middle_exact:MoS2_Song-8L,1,VISNIR_ANY_MoS2_Song-8L_0.3_1.1um,MoS2_MoS2_Song-8L;MoS2_Song-8L
MoS2_MoS2_Song-bulk,VISNIR_ANY_MoS2_Song-bulk_0.3_1.1um,UNIQUE,middle_exact:MoS2_Song-bulk,1,VISNIR_ANY_MoS2_Song-bulk_0.3_1.1um,MoS2_MoS2_Song-bulk;MoS2_Song-bulk
MoS2_MoS2_Ullberg,VISNIR_ANY_MoS2_Ullberg_0.3_1.1um,UNIQUE,middle_exact:MoS2_Ullberg,1,VISNIR_ANY_MoS2_Ullberg_0.3_1.1um,MoS2_MoS2_Ullberg;MoS2_Ullberg
MoS2_MoS2_Yim-20nm,VISNIR_ANY_MoS2_Yim-20nm_0.3815_0.8847um,UNIQUE,middle_exact:MoS2_Yim-20nm,1,VISNIR_ANY_MoS2_Yim-20nm_0.3815_0.8847um,MoS2_MoS2_Yim-20nm;MoS2_Yim-20nm
MoS2_MoS2_Yim-2nm,VISNIR_ANY_MoS2_Yim-2nm_0.3824_0.8866um,UNIQUE,middle_exact:MoS2_Yim-2nm,1,VISNIR_ANY_MoS2_Yim-2nm_0.3824_0.8866um,MoS2_MoS2_Yim-2nm;MoS2_Yim-2nm
MoS2_MoS2_Yim-3nm,VISNIR_ANY_MoS2_Yim-3nm_0.3824_0.8881um,UNIQUE,middle_exact:MoS2_Yim-3nm,1,VISNIR_ANY_MoS2_Yim-3nm_0.3824_0.8881um,MoS2_MoS2_Yim-3nm;MoS2_Yim-3nm
MoS2_MoS2_Zhang,VISNIR_ANY_MoS2_Zhang_0.4_0.75um,UNIQUE,middle_exact:MoS2_Zhang,1,VISNIR_ANY_MoS2_Zhang_0.4_0.75um,MoS2_MoS2_Zhang;MoS2_Zhang
MoS2_MoS2_Zotev-e,VISNIR_ANY_MoS2_Zotev-e_0.36_1um,UNIQUE,middle_exact:MoS2_Zotev-e,1,VISNIR_ANY_MoS2_Zotev-e_0.36_1um,MoS2_MoS2_Zotev-e;MoS2_Zotev-e
MoS2_MoS2_Zotev-o,VISNIR_ANY_MoS2_Zotev-o_0.36_1um,UNIQUE,middle_exact:MoS2_Zotev-o,1,VISNIR_ANY_MoS2_Zotev-o_0.36_1um,MoS2_MoS2_Zotev-o;MoS2_Zotev-o
MoSe2_MoSe2_Beal,VISNIR_ANY_MoSe2_Beal_0.3_1.1um,UNIQUE,middle_exact:MoSe2_Beal,1,VISNIR_ANY_MoSe2_Beal_0.3_1.1um,MoSe2_MoSe2_Beal;MoSe2_Beal
MoSe2_MoSe2_Hsu-1L,VISNIR_ANY_MoSe2_Hsu-1L_0.397_0.857um,UNIQUE,middle_exact:MoSe2_Hsu-1L,1,VISNIR_ANY_MoSe2_Hsu-1L_0.397_0.857um,MoSe2_MoSe2_Hsu-1L;MoSe2_Hsu-1L
MoSe2_MoSe2_Hsu-2L,VISNIR_ANY_MoSe2_Hsu-2L_0.397_0.857um,UNIQUE,middle_exact:MoSe2_Hsu-2L,1,VISNIR_ANY_MoSe2_Hsu-2L_0.397_0.857um,MoSe2_MoSe2_Hsu-2L;MoSe2_Hsu-2L
MoSe2_MoSe2_Hsu-3L,VISNIR_ANY_MoSe2_Hsu-3L_0.397_0.857um,UNIQUE,middle_exact:MoSe2_Hsu-3L,1,VISNIR_ANY_MoSe2_Hsu-3L_0.397_0.857um,MoSe2_MoSe2_Hsu-3L;MoSe2_Hsu-3L
MoSe2_MoSe2_Munkhbat-e,VISNIR_ANY_MoSe2_Munkhbat-e_0.3_1.1um,UNIQUE,middle_exact:MoSe2_Munkhbat-e,1,VISNIR_ANY_MoSe2_Munkhbat-e_0.3_1.1um,MoSe2_MoSe2_Munkhbat-e;MoSe2_Munkhbat-e
MoSe2_MoSe2_Munkhbat-o,VISNIR_ANY_MoSe2_Munkhbat-o_0.3_1.1um,UNIQUE,middle_exact:MoSe2_Munkhbat-o,1,VISNIR_ANY_MoSe2_Munkhbat-o_0.3_1.1um,MoSe2_MoSe2_Munkhbat-o;MoSe2_Munkhbat-o
MoSe2_MoSe2_Pruszynska-Karbownik-e,VISNIR_ANY_MoSe2_Pruszynska-Karbownik-e_0.3_1.1um,UNIQUE,middle_exact:MoSe2_Pruszynska-Karbownik-e,1,VISNIR_ANY_MoSe2_Pruszynska-Karbownik-e_0.3_1.1um,MoSe2_MoSe2_Pruszynska-Karbownik-e;MoSe2_Pruszynska-Karbownik-e
MoSe2_MoSe2_Pruszynska-Karbownik-o,VISNIR_ANY_MoSe2_Pruszynska-Karbownik-o_0.3_1.1um,UNIQUE,middle_exact:MoSe2_Pruszynska-Karbownik-o,1,VISNIR_ANY_MoSe2_Pruszynska-Karbownik-o_0.3_1.1um,MoSe2_MoSe2_Pruszynska-Karbownik-o;MoSe2_Pruszynska-Karbownik-o
MoSe2_MoSe2_Zotev-e,VISNIR_ANY_MoSe2_Zotev-e_0.36_1um,UNIQUE,middle_exact:MoSe2_Zotev-e,1,VISNIR_ANY_MoSe2_Zotev-e_0.36_1um,MoSe2_MoSe2_Zotev-e;MoSe2_Zotev-e
MoSe2_MoSe2_Zotev-o,VISNIR_ANY_MoSe2_Zotev-o_0.36_1um,UNIQUE,middle_exact:MoSe2_Zotev-o,1,VISNIR_ANY_MoSe2_Zotev-o_0.36_1um,MoSe2_MoSe2_Zotev-o;MoSe2_Zotev-o
Mo_Mo_Kirillova,VISNIR_ANY_Mo_Kirillova_0.3_1.1um,UNIQUE,middle_exact:Mo_Kirillova,1,VISNIR_ANY_Mo_Kirillova_0.3_1.1um,Mo_Mo_Kirillova;Mo_Kirillova
Mo_Mo_Querry,VISNIR_ANY_Mo_Querry_0.3_1.1um,UNIQUE,middle_exact:Mo_Querry,1,VISNIR_ANY_Mo_Querry_0.3_1.1um,Mo_Mo_Querry;Mo_Querry
Mo_Mo_Werner,VISNIR_ANY_Mo_Werner_0.3_1.1um,UNIQUE,middle_exact:Mo_Werner,1,VISNIR_ANY_Mo_Werner_0.3_1.1um,Mo_Mo_Werner;Mo_Werner
Mo_Mo_Werner-DFT,VISNIR_ANY_Mo_Werner-DFT_0.3_1.1um,UNIQUE,middle_exact:Mo_Werner-DFT,1,VISNIR_ANY_Mo_Werner-DFT_0.3_1.1um,Mo_Mo_Werner-DFT;Mo_Werner-DFT
Nb2O5_Nb2O5_Franta,VISNIR_ANY_Nb2O5_Franta_0.3_1.1um,UNIQUE,middle_exact:Nb2O5_Franta,1,VISNIR_ANY_Nb2O5_Franta_0.3_1.1um,Nb2O5_Nb2O5_Franta;Nb2O5_Franta
Nb2O5_Nb2O5_Horcholle-400,VISNIR_ANY_Nb2O5_Horcholle-400_0.3_0.8266um,UNIQUE,middle_exact:Nb2O5_Horcholle-400,1,VISNIR_ANY_Nb2O5_Horcholle-400_0.3_0.8266um,Nb2O5_Nb2O5_Horcholle-400;Nb2O5_Horcholle-400
Nb2O5_Nb2O5_Horcholle-800,VISNIR_ANY_Nb2O5_Horcholle-800_0.3_0.8266um,UNIQUE,middle_exact:Nb2O5_Horcholle-800,1,VISNIR_ANY_Nb2O5_Horcholle-800_0.3_0.8266um,Nb2O5_Nb2O5_Horcholle-800;Nb2O5_Horcholle-800
Nb2O5_Nb2O5_Lemarchand,VISNIR_ANY_Nb2O5_Lemarchand_0.3_1.1um,UNIQUE,middle_exact:Nb2O5_Lemarchand,1,VISNIR_ANY_Nb2O5_Lemarchand_0.3_1.1um,Nb2O5_Nb2O5_Lemarchand;Nb2O5_Lemarchand
Ni_Ni_Johnson,VISNIR_ANY_Ni_Johnson_0.3_1.1um,UNIQUE,middle_exact:Ni_Johnson,1,VISNIR_ANY_Ni_Johnson_0.3_1.1um,Ni_Ni_Johnson;Ni_Johnson
Ni_Ni_Rakic-BB,VISNIR_ANY_Ni_Rakic-BB_0.3_1.1um,UNIQUE,middle_exact:Ni_Rakic-BB,1,VISNIR_ANY_Ni_Rakic-BB_0.3_1.1um,Ni_Ni_Rakic-BB;Ni_Rakic-BB
Ni_Ni_Rakic-LD,VISNIR_ANY_Ni_Rakic-LD_0.3_1.1um,UNIQUE,middle_exact:Ni_Rakic-LD,1,VISNIR_ANY_Ni_Rakic-LD_0.3_1.1um,Ni_Ni_Rakic-LD;Ni_Rakic-LD
Ni_Ni_Werner,VISNIR_ANY_Ni_Werner_0.3_1.1um,UNIQUE,middle_exact:Ni_Werner,1,VISNIR_ANY_Ni_Werner_0.3_1.1um,Ni_Ni_Werner;Ni_Werner
Ni_Ni_Werner-DFT,VISNIR_ANY_Ni_Werner-DFT_0.3_1.1um,UNIQUE,middle_exact:Ni_Werner-DFT,1,VISNIR_ANY_Ni_Werner-DFT_0.3_1.1um,Ni_Ni_Werner-DFT;Ni_Werner-DFT
PbSe_PbSe_Suzuki,VISNIR_ANY_PbSe_Suzuki_0.3_1.078um,UNIQUE,middle_exact:PbSe_Suzuki,1,VISNIR_ANY_PbSe_Suzuki_0.3_1.078um,PbSe_PbSe_Suzuki;PbSe_Suzuki
Pd_Pd_Johnson,VISNIR_ANY_Pd_Johnson_0.3_1.1um,UNIQUE,middle_exact:Pd_Johnson,1,VISNIR_ANY_Pd_Johnson_0.3_1.1um,Pd_Pd_Johnson;Pd_Johnson
Pd_Pd_Palm,VISNIR_ANY_Pd_Palm_0.3_1.1um,UNIQUE,middle_exact:Pd_Palm,1,VISNIR_ANY_Pd_Palm_0.3_1.1um,Pd_Pd_Palm;Pd_Palm
Pd_Pd_Rakic-BB,VISNIR_ANY_Pd_Rakic-BB_0.3_1.1um,UNIQUE,middle_exact:Pd_Rakic-BB,1,VISNIR_ANY_Pd_Rakic-BB_0.3_1.1um,Pd_Pd_Rakic-BB;Pd_Rakic-BB
Pd_Pd_Rakic-LD,VISNIR_ANY_Pd_Rakic-LD_0.3_1.1um,UNIQUE,middle_exact:Pd_Rakic-LD,1,VISNIR_ANY_Pd_Rakic-LD_0.3_1.1um,Pd_Pd_Rakic-LD;Pd_Rakic-LD
Pd_Pd_Werner,VISNIR_ANY_Pd_Werner_0.3_1.1um,UNIQUE,middle_exact:Pd_Werner,1,VISNIR_ANY_Pd_Werner_0.3_1.1um,Pd_Pd_Werner;Pd_Werner
Pd_Pd_Werner-DFT,VISNIR_ANY_Pd_Werner-DFT_0.3_1.1um,UNIQUE,middle_exact:Pd_Werner-DFT,1,VISNIR_ANY_Pd_Werner-DFT_0.3_1.1um,Pd_Pd_Werner-DFT;Pd_Werner-DFT
Pt_Pt_Rakic-BB,VISNIR_ANY_Pt_Rakic-BB_0.3_1.1um,UNIQUE,middle_exact:Pt_Rakic-BB,1,VISNIR_ANY_Pt_Rakic-BB_0.3_1.1um,Pt_Pt_Rakic-BB;Pt_Rakic-BB
Pt_Pt_Rakic-LD,VISNIR_ANY_Pt_Rakic-LD_0.3_1.1um,UNIQUE,middle_exact:Pt_Rakic-LD,1,VISNIR_ANY_Pt_Rakic-LD_0.3_1.1um,Pt_Pt_Rakic-LD;Pt_Rakic-LD
Pt_Pt_Tselin,VISNIR_ANY_Pt_Tselin_0.3_1.1um,UNIQUE,middle_exact:Pt_Tselin,1,VISNIR_ANY_Pt_Tselin_0.3_1.1um,Pt_Pt_Tselin;Pt_Tselin
Pt_Pt_Werner,VISNIR_ANY_Pt_Werner_0.3_1.1um,UNIQUE,middle_exact:Pt_Werner,1,VISNIR_ANY_Pt_Werner_0.3_1.1um,Pt_Pt_Werner;Pt_Werner
Pt_Pt_Werner-DFT,VISNIR_ANY_Pt_Werner-DFT_0.3_1.1um,UNIQUE,middle_exact:Pt_Werner-DFT,1,VISNIR_ANY_Pt_Werner-DFT_0.3_1.1um,Pt_Pt_Werner-DFT;Pt_Werner-DFT
Sc2O3_Sc2O3_Belosludtsev,VISNIR_ANY_Sc2O3_Belosludtsev_0.3_1.1um,UNIQUE,middle_exact:Sc2O3_Belosludtsev,1,VISNIR_ANY_Sc2O3_Belosludtsev_0.3_1.1um,Sc2O3_Sc2O3_Belosludtsev;Sc2O3_Belosludtsev
Si3N4_Si3N4_Beliaev,VISNIR_ANY_Si3N4_Beliaev_0.3_1.1um,UNIQUE,middle_exact:Si3N4_Beliaev,1,VISNIR_ANY_Si3N4_Beliaev_0.3_1.1um,Si3N4_Si3N4_Beliaev;Si3N4_Beliaev
Si3N4_Si3N4_Vogt-1,VISNIR_ANY_Si3N4_Vogt-1_0.3_1.1um,UNIQUE,middle_exact:Si3N4_Vogt-1,1,VISNIR_ANY_Si3N4_Vogt-1_0.3_1.1um,Si3N4_Si3N4_Vogt-1;Si3N4_Vogt-1
Si3N4_Si3N4_Vogt-2,VISNIR_ANY_Si3N4_Vogt-2_0.3_1.1um,UNIQUE,middle_exact:Si3N4_Vogt-2,1,VISNIR_ANY_Si3N4_Vogt-2_0.3_1.1um,Si3N4_Si3N4_Vogt-2;Si3N4_Vogt-2
Si3N4_Si3N4_Vogt-3,VISNIR_ANY_Si3N4_Vogt-3_0.3_1.1um,UNIQUE,middle_exact:Si3N4_Vogt-3,1,VISNIR_ANY_Si3N4_Vogt-3_0.3_1.1um,Si3N4_Si3N4_Vogt-3;Si3N4_Vogt-3
SiC_SiC_Larruquert,VISNIR_ANY_SiC_Larruquert_0.3_1.1um,UNIQUE,middle_exact:SiC_Larruquert,1,VISNIR_ANY_SiC_Larruquert_0.3_1.1um,SiC_SiC_Larruquert;SiC_Larruquert
SiO2_SiO2_Franta,VISNIR_ANY_SiO2_Franta_0.3_1.1um,UNIQUE,middle_exact:SiO2_Franta,1,VISNIR_ANY_SiO2_Franta_0.3_1.1um,SiO2_SiO2_Franta;SiO2_Franta
SiO2_SiO2_Franta-25C,VISNIR_ANY_SiO2_Franta-25C_0.3_1.1um,UNIQUE,middle_exact:SiO2_Franta-25C,1,VISNIR_ANY_SiO2_Franta-25C_0.3_1.1um,SiO2_SiO2_Franta-25C;SiO2_Franta-25C
SiO2_SiO2_Franta-300C,VISNIR_ANY_SiO2_Franta-300C_0.3_1.1um,UNIQUE,middle_exact:SiO2_Franta-300C,1,VISNIR_ANY_SiO2_Franta-300C_0.3_1.1um,SiO2_SiO2_Franta-300C;SiO2_Franta-300C
SiO2_SiO2_Gao,VISNIR_ANY_SiO2_Gao_0.3_1.1um,UNIQUE,middle_exact:SiO2_Gao,1,VISNIR_ANY_SiO2_Gao_0.3_1.1um,SiO2_SiO2_Gao;SiO2_Gao
SiO2_SiO2_Lemarchand,VISNIR_ANY_SiO2_Lemarchand_0.3_1.1um,UNIQUE,middle_exact:SiO2_Lemarchand,1,VISNIR_ANY_SiO2_Lemarchand_0.3_1.1um,SiO2_SiO2_Lemarchand;SiO2_Lemarchand
SiO2_SiO2_Rodriguez-de_Marcos,VISNIR_ANY_SiO2_Rodriguez-de_Marcos_0.3_1.1um,UNIQUE,middle_exact:SiO2_Rodriguez-de_Marcos,1,VISNIR_ANY_SiO2_Rodriguez-de_Marcos_0.3_1.1um,SiO2_SiO2_Rodriguez-de_Marcos;SiO2_Rodriguez-de_Marcos
Si_Si_Aspnes,VISNIR_ANY_Si_Aspnes_0.3_0.8266um,UNIQUE,middle_exact:Si_Aspnes,1,VISNIR_ANY_Si_Aspnes_0.3_0.8266um,Si_Si_Aspnes;Si_Aspnes
Si_Si_Franta,VISNIR_ANY_Si_Franta_0.3_1.1um,UNIQUE,middle_exact:Si_Franta,1,VISNIR_ANY_Si_Franta_0.3_1.1um,Si_Si_Franta;Si_Franta
Si_Si_Franta-100K,VISNIR_ANY_Si_Franta-100K_0.3_1.1um,UNIQUE,middle_exact:Si_Franta-100K,1,VISNIR_ANY_Si_Franta-100K_0.3_1.1um,Si_Si_Franta-100K;Si_Franta-100K
Si_Si_Franta-10K,VISNIR_ANY_Si_Franta-10K_0.3_1.1um,UNIQUE,middle_exact:Si_Franta-10K,1,VISNIR_ANY_Si_Franta-10K_0.3_1.1um,Si_Si_Franta-10K;Si_Franta-10K
Si_Si_Franta-150K,VISNIR_ANY_Si_Franta-150K_0.3_1.1um,UNIQUE,middle_exact:Si_Franta-150K,1,VISNIR_ANY_Si_Franta-150K_0.3_1.1um,Si_Si_Franta-150K;Si_Franta-150K
Si_Si_Franta-200K,VISNIR_ANY_Si_Franta-200K_0.3_1.1um,UNIQUE,middle_exact:Si_Franta-200K,1,VISNIR_ANY_Si_Franta-200K_0.3_1.1um,Si_Si_Franta-200K;Si_Franta-200K
Si_Si_Franta-20C,VISNIR_ANY_Si_Franta-20C_0.3_1.1um,UNIQUE,middle_exact:Si_Franta-20C,1,VISNIR_ANY_Si_Franta-20C_0.3_1.1um,Si_Si_Franta-20C;Si_Franta-20C
Si_Si_Franta-250K,VISNIR_ANY_Si_Franta-250K_0.3_1.1um,UNIQUE,middle_exact:Si_Franta-250K,1,VISNIR_ANY_Si_Franta-250K_0.3_1.1um,Si_Si_Franta-250K;Si_Franta-250K
Si_Si_Franta-25C,VISNIR_ANY_Si_Franta-25C_0.3_1.1um,UNIQUE,middle_exact:Si_Franta-25C,1,VISNIR_ANY_Si_Franta-25C_0.3_1.1um,Si_Si_Franta-25C;Si_Franta-25C
Si_Si_Franta-300K,VISNIR_ANY_Si_Franta-300K_0.3_1.1um,UNIQUE,middle_exact:Si_Franta-300K,1,VISNIR_ANY_Si_Franta-300K_0.3_1.1um,Si_Si_Franta-300K;Si_Franta-300K
Si_Si_Franta-350K,VISNIR_ANY_Si_Franta-350K_0.3_1.1um,UNIQUE,middle_exact:Si_Franta-350K,1,VISNIR_ANY_Si_Franta-350K_0.3_1.1um,Si_Si_Franta-350K;Si_Franta-350K
Si_Si_Franta-400K,VISNIR_ANY_Si_Franta-400K_0.3_1.1um,UNIQUE,middle_exact:Si_Franta-400K,1,VISNIR_ANY_Si_Franta-400K_0.3_1.1um,Si_Si_Franta-400K;Si_Franta-400K
Si_Si_Franta-450K,VISNIR_ANY_Si_Franta-450K_0.3_1.1um,UNIQUE,middle_exact:Si_Franta-450K,1,VISNIR_ANY_Si_Franta-450K_0.3_1.1um,Si_Si_Franta-450K;Si_Franta-450K
Si_Si_Franta-500K,VISNIR_ANY_Si_Franta-500K_0.3_1.1um,UNIQUE,middle_exact:Si_Franta-500K,1,VISNIR_ANY_Si_Franta-500K_0.3_1.1um,Si_Si_Franta-500K;Si_Franta-500K
Si_Si_Franta-50K,VISNIR_ANY_Si_Franta-50K_0.3_1.1um,UNIQUE,middle_exact:Si_Franta-50K,1,VISNIR_ANY_Si_Franta-50K_0.3_1.1um,Si_Si_Franta-50K;Si_Franta-50K
Si_Si_Green-1995,VISNIR_ANY_Si_Green-1995_0.3_1.1um,UNIQUE,middle_exact:Si_Green-1995,1,VISNIR_ANY_Si_Green-1995_0.3_1.1um,Si_Si_Green-1995;Si_Green-1995
Si_Si_Green-2008,VISNIR_ANY_Si_Green-2008_0.3_1.1um,UNIQUE,middle_exact:Si_Green-2008,1,VISNIR_ANY_Si_Green-2008_0.3_1.1um,Si_Si_Green-2008;Si_Green-2008
Si_Si_Jellison,VISNIR_ANY_Si_Jellison_0.3_0.84um,UNIQUE,middle_exact:Si_Jellison,1,VISNIR_ANY_Si_Jellison_0.3_0.84um,Si_Si_Jellison;Si_Jellison
Si_Si_Karaman-120C,VISNIR_ANY_Si_Karaman-120C_0.3_1.1um,UNIQUE,middle_exact:Si_Karaman-120C,1,VISNIR_ANY_Si_Karaman-120C_0.3_1.1um,Si_Si_Karaman-120C;Si_Karaman-120C
Si_Si_Karaman-170C,VISNIR_ANY_Si_Karaman-170C_0.3_1.1um,UNIQUE,middle_exact:Si_Karaman-170C,1,VISNIR_ANY_Si_Karaman-170C_0.3_1.1um,Si_Si_Karaman-170C;Si_Karaman-170C
Si_Si_Karaman-20C,VISNIR_ANY_Si_Karaman-20C_0.3_1.1um,UNIQUE,middle_exact:Si_Karaman-20C,1,VISNIR_ANY_Si_Karaman-20C_0.3_1.1um,Si_Si_Karaman-20C;Si_Karaman-20C
Si_Si_Karaman-220C,VISNIR_ANY_Si_Karaman-220C_0.3_1.1um,UNIQUE,middle_exact:Si_Karaman-220C,1,VISNIR_ANY_Si_Karaman-220C_0.3_1.1um,Si_Si_Karaman-220C;Si_Karaman-220C
Si_Si_Karaman-70C,VISNIR_ANY_Si_Karaman-70C_0.3_1.1um,UNIQUE,middle_exact:Si_Karaman-70C,1,VISNIR_ANY_Si_Karaman-70C_0.3_1.1um,Si_Si_Karaman-70C;Si_Karaman-70C
Si_Si_Pierce,VISNIR_ANY_Si_Pierce_0.3_1.1um,UNIQUE,middle_exact:Si_Pierce,1,VISNIR_ANY_Si_Pierce_0.3_1.1um,Si_Si_Pierce;Si_Pierce
Si_Si_Schinke,VISNIR_ANY_Si_Schinke_0.3_1.1um,UNIQUE,middle_exact:Si_Schinke,1,VISNIR_ANY_Si_Schinke_0.3_1.1um,Si_Si_Schinke;Si_Schinke
Si_Si_Sik-250C,VISNIR_ANY_Si_Sik-250C_0.3_0.6199um,UNIQUE,middle_exact:Si_Sik-250C,1,VISNIR_ANY_Si_Sik-250C_0.3_0.6199um,Si_Si_Sik-250C;Si_Sik-250C
Si_Si_Sik-25C,VISNIR_ANY_Si_Sik-25C_0.3_0.6199um,UNIQUE,middle_exact:Si_Sik-25C,1,VISNIR_ANY_Si_Sik-25C_0.3_0.6199um,Si_Si_Sik-25C;Si_Sik-25C
Si_Si_Sik-500C,VISNIR_ANY_Si_Sik-500C_0.3_0.6199um,UNIQUE,middle_exact:Si_Sik-500C,1,VISNIR_ANY_Si_Sik-500C_0.3_0.6199um,Si_Si_Sik-500C;Si_Sik-500C
Si_Si_Sik-700C,VISNIR_ANY_Si_Sik-700C_0.3_0.6199um,UNIQUE,middle_exact:Si_Sik-700C,1,VISNIR_ANY_Si_Sik-700C_0.3_0.6199um,Si_Si_Sik-700C;Si_Sik-700C
Si_Si_Sik-850C,VISNIR_ANY_Si_Sik-850C_0.3_0.6199um,UNIQUE,middle_exact:Si_Sik-850C,1,VISNIR_ANY_Si_Sik-850C_0.3_0.6199um,Si_Si_Sik-850C;Si_Sik-850C
Si_Si_Vuye-100C,VISNIR_ANY_Si_Vuye-100C_0.3_0.8266um,UNIQUE,middle_exact:Si_Vuye-100C,1,VISNIR_ANY_Si_Vuye-100C_0.3_0.8266um,Si_Si_Vuye-100C;Si_Vuye-100C
Si_Si_Vuye-150C,VISNIR_ANY_Si_Vuye-150C_0.3_0.8266um,UNIQUE,middle_exact:Si_Vuye-150C,1,VISNIR_ANY_Si_Vuye-150C_0.3_0.8266um,Si_Si_Vuye-150C;Si_Vuye-150C
Si_Si_Vuye-200C,VISNIR_ANY_Si_Vuye-200C_0.3_0.8266um,UNIQUE,middle_exact:Si_Vuye-200C,1,VISNIR_ANY_Si_Vuye-200C_0.3_0.8266um,Si_Si_Vuye-200C;Si_Vuye-200C
Si_Si_Vuye-20C,VISNIR_ANY_Si_Vuye-20C_0.3_0.8266um,UNIQUE,middle_exact:Si_Vuye-20C,1,VISNIR_ANY_Si_Vuye-20C_0.3_0.8266um,Si_Si_Vuye-20C;Si_Vuye-20C
Si_Si_Vuye-250C,VISNIR_ANY_Si_Vuye-250C_0.3_0.8266um,UNIQUE,middle_exact:Si_Vuye-250C,1,VISNIR_ANY_Si_Vuye-250C_0.3_0.8266um,Si_Si_Vuye-250C;Si_Vuye-250C
Si_Si_Vuye-300C,VISNIR_ANY_Si_Vuye-300C_0.3_0.8266um,UNIQUE,middle_exact:Si_Vuye-300C,1,VISNIR_ANY_Si_Vuye-300C_0.3_0.8266um,Si_Si_Vuye-300C;Si_Vuye-300C
Si_Si_Vuye-350C,VISNIR_ANY_Si_Vuye-350C_0.3_0.8266um,UNIQUE,middle_exact:Si_Vuye-350C,1,VISNIR_ANY_Si_Vuye-350C_0.3_0.8266um,Si_Si_Vuye-350C;Si_Vuye-350C
Si_Si_Vuye-400C,VISNIR_ANY_Si_Vuye-400C_0.3_0.8266um,UNIQUE,middle_exact:Si_Vuye-400C,1,VISNIR_ANY_Si_Vuye-400C_0.3_0.8266um,Si_Si_Vuye-400C;Si_Vuye-400C
Si_Si_Vuye-450C,VISNIR_ANY_Si_Vuye-450C_0.3_0.8266um,UNIQUE,middle_exact:Si_Vuye-450C,1,VISNIR_ANY_Si_Vuye-450C_0.3_0.8266um,Si_Si_Vuye-450C;Si_Vuye-450C
Si_Si_Wang-25C,VISNIR_ANY_Si_Wang-25C_0.4_1.1um,UNIQUE,middle_exact:Si_Wang-25C,1,VISNIR_ANY_Si_Wang-25C_0.4_1.1um,Si_Si_Wang-25C;Si_Wang-25C
Si_Si_Wang-35C,VISNIR_ANY_Si_Wang-35C_0.4_1.1um,UNIQUE,middle_exact:Si_Wang-35C,1,VISNIR_ANY_Si_Wang-35C_0.4_1.1um,Si_Si_Wang-35C;Si_Wang-35C
Si_Si_Wang-45C,VISNIR_ANY_Si_Wang-45C_0.4_1.1um,UNIQUE,middle_exact:Si_Wang-45C,1,VISNIR_ANY_Si_Wang-45C_0.4_1.1um,Si_Si_Wang-45C;Si_Wang-45C
Si_Si_Wang-55C,VISNIR_ANY_Si_Wang-55C_0.4_1.1um,UNIQUE,middle_exact:Si_Wang-55C,1,VISNIR_ANY_Si_Wang-55C_0.4_1.1um,Si_Si_Wang-55C;Si_Wang-55C
Si_Si_Wang-65C,VISNIR_ANY_Si_Wang-65C_0.4_1.1um,UNIQUE,middle_exact:Si_Wang-65C,1,VISNIR_ANY_Si_Wang-65C_0.4_1.1um,Si_Si_Wang-65C;Si_Wang-65C
Ta2O5_Ta2O5_Bright-amorphous,VISNIR_ANY_Ta2O5_Bright-amorphous_0.5_1.1um,UNIQUE,middle_exact:Ta2O5_Bright-amorphous,1,VISNIR_ANY_Ta2O5_Bright-amorphous_0.5_1.1um,Ta2O5_Ta2O5_Bright-amorphous;Ta2O5_Bright-amorphous
Ta2O5_Ta2O5_Bright-nanocrystalline,VISNIR_ANY_Ta2O5_Bright-nanocrystalline_0.5_1.1um,UNIQUE,middle_exact:Ta2O5_Bright-nanocrystalline,1,VISNIR_ANY_Ta2O5_Bright-nanocrystalline_0.5_1.1um,Ta2O5_Ta2O5_Bright-nanocrystalline;Ta2O5_Bright-nanocrystalline
Ta2O5_Ta2O5_Cheikh-amorphous-3.28-12-25,VISNIR_ANY_Ta2O5_Cheikh-amorphous-3.28-12-25_0.3_1.1um,UNIQUE,middle_exact:Ta2O5_Cheikh-amorphous-3.28-12-25,1,VISNIR_ANY_Ta2O5_Cheikh-amorphous-3.28-12-25_0.3_1.1um,Ta2O5_Ta2O5_Cheikh-amorphous-3.28-12-25;Ta2O5_Cheikh-amorphous-3.28-12-25
Ta2O5_Ta2O5_Cheikh-amorphous-3.28-16-25,VISNIR_ANY_Ta2O5_Cheikh-amorphous-3.28-16-25_0.3_1.1um,UNIQUE,middle_exact:Ta2O5_Cheikh-amorphous-3.28-16-25,1,VISNIR_ANY_Ta2O5_Cheikh-amorphous-3.28-16-25_0.3_1.1um,Ta2O5_Ta2O5_Cheikh-amorphous-3.28-16-25;Ta2O5_Cheikh-amorphous-3.28-16-25
Ta2O5_Ta2O5_Cheikh-amorphous-3.28-4-25,VISNIR_ANY_Ta2O5_Cheikh-amorphous-3.28-4-25_0.3_1.1um,UNIQUE,middle_exact:Ta2O5_Cheikh-amorphous-3.28-4-25,1,VISNIR_ANY_Ta2O5_Cheikh-amorphous-3.28-4-25_0.3_1.1um,Ta2O5_Ta2O5_Cheikh-amorphous-3.28-4-25;Ta2O5_Cheikh-amorphous-3.28-4-25
Ta2O5_Ta2O5_Cheikh-amorphous-3.28-8-25,VISNIR_ANY_Ta2O5_Cheikh-amorphous-3.28-8-25_0.3_1.1um,UNIQUE,middle_exact:Ta2O5_Cheikh-amorphous-3.28-8-25,1,VISNIR_ANY_Ta2O5_Cheikh-amorphous-3.28-8-25_0.3_1.1um,Ta2O5_Ta2O5_Cheikh-amorphous-3.28-8-25;Ta2O5_Cheikh-amorphous-3.28-8-25
Ta2O5_Ta2O5_Cheikh-amorphous-3.28-8-450,VISNIR_ANY_Ta2O5_Cheikh-amorphous-3.28-8-450_0.3_1.1um,UNIQUE,middle_exact:Ta2O5_Cheikh-amorphous-3.28-8-450,1,VISNIR_ANY_Ta2O5_Cheikh-amorphous-3.28-8-450_0.3_1.1um,Ta2O5_Ta2O5_Cheikh-amorphous-3.28-8-450;Ta2O5_Cheikh-amorphous-3.28-8-450
Ta2O5_Ta2O5_Cheikh-amorphous-3.28-8-550,VISNIR_ANY_Ta2O5_Cheikh-amorphous-3.28-8-550_0.3_1.1um,UNIQUE,middle_exact:Ta2O5_Cheikh-amorphous-3.28-8-550,1,VISNIR_ANY_Ta2O5_Cheikh-amorphous-3.28-8-550_0.3_1.1um,Ta2O5_Ta2O5_Cheikh-amorphous-3.28-8-550;Ta2O5_Cheikh-amorphous-3.28-8-550
Ta2O5_Ta2O5_Cheikh-amorphous-4.38-12-25,VISNIR_ANY_Ta2O5_Cheikh-amorphous-4.38-12-25_0.3_1.1um,UNIQUE,middle_exact:Ta2O5_Cheikh-amorphous-4.38-12-25,1,VISNIR_ANY_Ta2O5_Cheikh-amorphous-4.38-12-25_0.3_1.1um,Ta2O5_Ta2O5_Cheikh-amorphous-4.38-12-25;Ta2O5_Cheikh-amorphous-4.38-12-25
Ta2O5_Ta2O5_Cheikh-amorphous-5.48-12-25,VISNIR_ANY_Ta2O5_Cheikh-amorphous-5.48-12-25_0.3_1.1um,UNIQUE,middle_exact:Ta2O5_Cheikh-amorphous-5.48-12-25,1,VISNIR_ANY_Ta2O5_Cheikh-amorphous-5.48-12-25_0.3_1.1um,Ta2O5_Ta2O5_Cheikh-amorphous-5.48-12-25;Ta2O5_Cheikh-amorphous-5.48-12-25
Ta2O5_Ta2O5_Cheikh-amorphous-6.75-12-25,VISNIR_ANY_Ta2O5_Cheikh-amorphous-6.75-12-25_0.3_1.1um,UNIQUE,middle_exact:Ta2O5_Cheikh-amorphous-6.75-12-25,1,VISNIR_ANY_Ta2O5_Cheikh-amorphous-6.75-12-25_0.3_1.1um,Ta2O5_Ta2O5_Cheikh-amorphous-6.75-12-25;Ta2O5_Cheikh-amorphous-6.75-12-25
Ta2O5_Ta2O5_Cheikh-crystalline-3.28-8-650,VISNIR_ANY_Ta2O5_Cheikh-crystalline-3.28-8-650_0.3_1.1um,UNIQUE,middle_exact:Ta2O5_Cheikh-crystalline-3.28-8-650,1,VISNIR_ANY_Ta2O5_Cheikh-crystalline-3.28-8-650_0.3_1.1um,Ta2O5_Ta2O5_Cheikh-crystalline-3.28-8-650;Ta2O5_Cheikh-crystalline-3.28-8-650
Ta2O5_Ta2O5_Cheikh-crystalline-3.28-8-750,VISNIR_ANY_Ta2O5_Cheikh-crystalline-3.28-8-750_0.3_1.1um,UNIQUE,middle_exact:Ta2O5_Cheikh-crystalline-3.28-8-750,1,VISNIR_ANY_Ta2O5_Cheikh-crystalline-3.28-8-750_0.3_1.1um,Ta2O5_Ta2O5_Cheikh-crystalline-3.28-8-750;Ta2O5_Cheikh-crystalline-3.28-8-750
Ta2O5_Ta2O5_Cheikh-crystalline-3.28-8-850,VISNIR_ANY_Ta2O5_Cheikh-crystalline-3.28-8-850_0.3_1.1um,UNIQUE,middle_exact:Ta2O5_Cheikh-crystalline-3.28-8-850,1,VISNIR_ANY_Ta2O5_Cheikh-crystalline-3.28-8-850_0.3_1.1um,Ta2O5_Ta2O5_Cheikh-crystalline-3.28-8-850;Ta2O5_Cheikh-crystalline-3.28-8-850
Ta2O5_Ta2O5_Franta-2015,VISNIR_ANY_Ta2O5_Franta-2015_0.3_1.1um,UNIQUE,middle_exact:Ta2O5_Franta-2015,1,VISNIR_ANY_Ta2O5_Franta-2015_0.3_1.1um,Ta2O5_Ta2O5_Franta-2015;Ta2O5_Franta-2015
Ta2O5_Ta2O5_Franta-2025,VISNIR_ANY_Ta2O5_Franta-2025_0.3_1.1um,UNIQUE,middle_exact:Ta2O5_Franta-2025,1,VISNIR_ANY_Ta2O5_Franta-2025_0.3_1.1um,Ta2O5_Ta2O5_Franta-2025;Ta2O5_Franta-2025
Ta2O5_Ta2O5_Gao,VISNIR_ANY_Ta2O5_Gao_0.35_1.1um,UNIQUE,middle_exact:Ta2O5_Gao,1,VISNIR_ANY_Ta2O5_Gao_0.35_1.1um,Ta2O5_Ta2O5_Gao;Ta2O5_Gao
Ta2O5_Ta2O5_Rodriguez-de_Marcos,VISNIR_ANY_Ta2O5_Rodriguez-de_Marcos_0.3_1.1um,UNIQUE,middle_exact:Ta2O5_Rodriguez-de_Marcos,1,VISNIR_ANY_Ta2O5_Rodriguez-de_Marcos_0.3_1.1um,Ta2O5_Ta2O5_Rodriguez-de_Marcos;Ta2O5_Rodriguez-de_Marcos
Ta_Ta_Werner,VISNIR_ANY_Ta_Werner_0.3_1.1um,UNIQUE,middle_exact:Ta_Werner,1,VISNIR_ANY_Ta_Werner_0.3_1.1um,Ta_Ta_Werner;Ta_Werner
Ta_Ta_Werner-DFT,VISNIR_ANY_Ta_Werner-DFT_0.3_1.1um,UNIQUE,middle_exact:Ta_Werner-DFT,1,VISNIR_ANY_Ta_Werner-DFT_0.3_1.1um,Ta_Ta_Werner-DFT;Ta_Werner-DFT
TiN_TiN_Beliaev-sputtering,VISNIR_ANY_TiN_Beliaev-sputtering_0.3_1.1um,UNIQUE,middle_exact:TiN_Beliaev-sputtering,1,VISNIR_ANY_TiN_Beliaev-sputtering_0.3_1.1um,TiN_TiN_Beliaev-sputtering;TiN_Beliaev-sputtering
TiN_TiN_Schnabel,VISNIR_ANY_TiN_Schnabel_0.3_0.8091um,UNIQUE,middle_exact:TiN_Schnabel,1,VISNIR_ANY_TiN_Schnabel_0.3_0.8091um,TiN_TiN_Schnabel;TiN_Schnabel
TiN_TiN_Shkondin,VISNIR_ANY_TiN_Shkondin_0.3_1.1um,UNIQUE,middle_exact:TiN_Shkondin,1,VISNIR_ANY_TiN_Shkondin_0.3_1.1um,TiN_TiN_Shkondin;TiN_Shkondin
TiN_TiN_Shkondin-700,VISNIR_ANY_TiN_Shkondin-700_0.3_1.1um,UNIQUE,middle_exact:TiN_Shkondin-700,1,VISNIR_ANY_TiN_Shkondin-700_0.3_1.1um,TiN_TiN_Shkondin-700;TiN_Shkondin-700
TiN_TiN_Shkondin-800,VISNIR_ANY_TiN_Shkondin-800_0.3_1.1um,UNIQUE,middle_exact:TiN_Shkondin-800,1,VISNIR_ANY_TiN_Shkondin-800_0.3_1.1um,TiN_TiN_Shkondin-800;TiN_Shkondin-800
TiN_TiN_Shkondin-900,VISNIR_ANY_TiN_Shkondin-900_0.3_1.1um,UNIQUE,middle_exact:TiN_Shkondin-900,1,VISNIR_ANY_TiN_Shkondin-900_0.3_1.1um,TiN_TiN_Shkondin-900;TiN_Shkondin-900
TiO2_TiO2_Franta,VISNIR_ANY_TiO2_Franta_0.3_1.1um,UNIQUE,middle_exact:TiO2_Franta,1,VISNIR_ANY_TiO2_Franta_0.3_1.1um,TiO2_TiO2_Franta;TiO2_Franta
TiO2_TiO2_Jolivet-amorphous,VISNIR_ANY_TiO2_Jolivet-amorphous_0.3_0.8266um,UNIQUE,middle_exact:TiO2_Jolivet-amorphous,1,VISNIR_ANY_TiO2_Jolivet-amorphous_0.3_0.8266um,TiO2_TiO2_Jolivet-amorphous;TiO2_Jolivet-amorphous
TiO2_TiO2_Jolivet-anatase,VISNIR_ANY_TiO2_Jolivet-anatase_0.3_0.8266um,UNIQUE,middle_exact:TiO2_Jolivet-anatase,1,VISNIR_ANY_TiO2_Jolivet-anatase_0.3_0.8266um,TiO2_TiO2_Jolivet-anatase;TiO2_Jolivet-anatase
TiO2_TiO2_Sarkar,VISNIR_ANY_TiO2_Sarkar_0.3_1.1um,UNIQUE,middle_exact:TiO2_Sarkar,1,VISNIR_ANY_TiO2_Sarkar_0.3_1.1um,TiO2_TiO2_Sarkar;TiO2_Sarkar
TiO2_TiO2_Siefke,VISNIR_ANY_TiO2_Siefke_0.3_1.1um,UNIQUE,middle_exact:TiO2_Siefke,1,VISNIR_ANY_TiO2_Siefke_0.3_1.1um,TiO2_TiO2_Siefke;TiO2_Siefke
TiO2_TiO2_Zhukovsky,VISNIR_ANY_TiO2_Zhukovsky_0.3_1.1um,UNIQUE,middle_exact:TiO2_Zhukovsky,1,VISNIR_ANY_TiO2_Zhukovsky_0.3_1.1um,TiO2_TiO2_Zhukovsky;TiO2_Zhukovsky
Ti_Ti_Johnson,VISNIR_ANY_Ti_Johnson_0.3_1.1um,UNIQUE,middle_exact:Ti_Johnson,1,VISNIR_ANY_Ti_Johnson_0.3_1.1um,Ti_Ti_Johnson;Ti_Johnson
Ti_Ti_Mash,VISNIR_ANY_Ti_Mash_0.4_1.1um,UNIQUE,middle_exact:Ti_Mash,1,VISNIR_ANY_Ti_Mash_0.4_1.1um,Ti_Ti_Mash;Ti_Mash
Ti_Ti_Palm,VISNIR_ANY_Ti_Palm_0.3_1.1um,UNIQUE,middle_exact:Ti_Palm,1,VISNIR_ANY_Ti_Palm_0.3_1.1um,Ti_Ti_Palm;Ti_Palm
Ti_Ti_Rakic-BB,VISNIR_ANY_Ti_Rakic-BB_0.3_1.1um,UNIQUE,middle_exact:Ti_Rakic-BB,1,VISNIR_ANY_Ti_Rakic-BB_0.3_1.1um,Ti_Ti_Rakic-BB;Ti_Rakic-BB
Ti_Ti_Rakic-LD,VISNIR_ANY_Ti_Rakic-LD_0.3_1.1um,UNIQUE,middle_exact:Ti_Rakic-LD,1,VISNIR_ANY_Ti_Rakic-LD_0.3_1.1um,Ti_Ti_Rakic-LD;Ti_Rakic-LD
Ti_Ti_Werner,VISNIR_ANY_Ti_Werner_0.3_1.1um,UNIQUE,middle_exact:Ti_Werner,1,VISNIR_ANY_Ti_Werner_0.3_1.1um,Ti_Ti_Werner;Ti_Werner
Ti_Ti_Werner-DFT,VISNIR_ANY_Ti_Werner-DFT_0.3_1.1um,UNIQUE,middle_exact:Ti_Werner-DFT,1,VISNIR_ANY_Ti_Werner-DFT_0.3_1.1um,Ti_Ti_Werner-DFT;Ti_Werner-DFT
VO2_VO2_Beaini-100C,VISNIR_ANY_VO2_Beaini-100C_0.5_1.1um,UNIQUE,middle_exact:VO2_Beaini-100C,1,VISNIR_ANY_VO2_Beaini-100C_0.5_1.1um,VO2_VO2_Beaini-100C;VO2_Beaini-100C
VO2_VO2_Beaini-25C,VISNIR_ANY_VO2_Beaini-25C_0.5_1.1um,UNIQUE,middle_exact:VO2_Beaini-25C,1,VISNIR_ANY_VO2_Beaini-25C_0.5_1.1um,VO2_VO2_Beaini-25C;VO2_Beaini-25C
VO2_VO2_Oguntoye-20C,VISNIR_ANY_VO2_Oguntoye-20C_0.3_1.1um,UNIQUE,middle_exact:VO2_Oguntoye-20C,1,VISNIR_ANY_VO2_Oguntoye-20C_0.3_1.1um,VO2_VO2_Oguntoye-20C;VO2_Oguntoye-20C
VO2_VO2_Oguntoye-30C,VISNIR_ANY_VO2_Oguntoye-30C_0.3_1.1um,UNIQUE,middle_exact:VO2_Oguntoye-30C,1,VISNIR_ANY_VO2_Oguntoye-30C_0.3_1.1um,VO2_VO2_Oguntoye-30C;VO2_Oguntoye-30C
VO2_VO2_Oguntoye-40C,VISNIR_ANY_VO2_Oguntoye-40C_0.3_1.1um,UNIQUE,middle_exact:VO2_Oguntoye-40C,1,VISNIR_ANY_VO2_Oguntoye-40C_0.3_1.1um,VO2_VO2_Oguntoye-40C;VO2_Oguntoye-40C
VO2_VO2_Oguntoye-50C,VISNIR_ANY_VO2_Oguntoye-50C_0.3_1.1um,UNIQUE,middle_exact:VO2_Oguntoye-50C,1,VISNIR_ANY_VO2_Oguntoye-50C_0.3_1.1um,VO2_VO2_Oguntoye-50C;VO2_Oguntoye-50C
VO2_VO2_Oguntoye-55C,VISNIR_ANY_VO2_Oguntoye-55C_0.3_1.1um,UNIQUE,middle_exact:VO2_Oguntoye-55C,1,VISNIR_ANY_VO2_Oguntoye-55C_0.3_1.1um,VO2_VO2_Oguntoye-55C;VO2_Oguntoye-55C
VO2_VO2_Oguntoye-60C,VISNIR_ANY_VO2_Oguntoye-60C_0.3_1.1um,UNIQUE,middle_exact:VO2_Oguntoye-60C,1,VISNIR_ANY_VO2_Oguntoye-60C_0.3_1.1um,VO2_VO2_Oguntoye-60C;VO2_Oguntoye-60C
VO2_VO2_Oguntoye-70C,VISNIR_ANY_VO2_Oguntoye-70C_0.3_1.1um,UNIQUE,middle_exact:VO2_Oguntoye-70C,1,VISNIR_ANY_VO2_Oguntoye-70C_0.3_1.1um,VO2_VO2_Oguntoye-70C;VO2_Oguntoye-70C
VO2_VO2_Oguntoye-80C,VISNIR_ANY_VO2_Oguntoye-80C_0.3_1.1um,UNIQUE,middle_exact:VO2_Oguntoye-80C,1,VISNIR_ANY_VO2_Oguntoye-80C_0.3_1.1um,VO2_VO2_Oguntoye-80C;VO2_Oguntoye-80C
V_V_Johnson,VISNIR_ANY_V_Johnson_0.3_1.1um,UNIQUE,middle_exact:V_Johnson,1,VISNIR_ANY_V_Johnson_0.3_1.1um,V_V_Johnson;V_Johnson
V_V_Palm,VISNIR_ANY_V_Palm_0.3011_1.1um,UNIQUE,middle_exact:V_Palm,1,VISNIR_ANY_V_Palm_0.3011_1.1um,V_V_Palm;V_Palm
V_V_Werner,VISNIR_ANY_V_Werner_0.3_1.1um,UNIQUE,middle_exact:V_Werner,1,VISNIR_ANY_V_Werner_0.3_1.1um,V_V_Werner;V_Werner
V_V_Werner-DFT,VISNIR_ANY_V_Werner-DFT_0.3_1.1um,UNIQUE,middle_exact:V_Werner-DFT,1,VISNIR_ANY_V_Werner-DFT_0.3_1.1um,V_V_Werner-DFT;V_Werner-DFT
WO3_WO3_Kulikova,VISNIR_ANY_WO3_Kulikova_0.3_1um,UNIQUE,middle_exact:WO3_Kulikova,1,VISNIR_ANY_WO3_Kulikova_0.3_1um,WO3_WO3_Kulikova;WO3_Kulikova
WS2_WS2_Ermolaev,VISNIR_ANY_WS2_Ermolaev_0.365_1.1um,UNIQUE,middle_exact:WS2_Ermolaev,1,VISNIR_ANY_WS2_Ermolaev_0.365_1.1um,WS2_WS2_Ermolaev;WS2_Ermolaev
WS2_WS2_Hsu-1L,VISNIR_ANY_WS2_Hsu-1L_0.397_0.8502um,UNIQUE,middle_exact:WS2_Hsu-1L,1,VISNIR_ANY_WS2_Hsu-1L_0.397_0.8502um,WS2_WS2_Hsu-1L;WS2_Hsu-1L
WS2_WS2_Hsu-2L,VISNIR_ANY_WS2_Hsu-2L_0.397_0.8502um,UNIQUE,middle_exact:WS2_Hsu-2L,1,VISNIR_ANY_WS2_Hsu-2L_0.397_0.8502um,WS2_WS2_Hsu-2L;WS2_Hsu-2L
WS2_WS2_Hsu-3L,VISNIR_ANY_WS2_Hsu-3L_0.397_0.8502um,UNIQUE,middle_exact:WS2_Hsu-3L,1,VISNIR_ANY_WS2_Hsu-3L_0.397_0.8502um,WS2_WS2_Hsu-3L;WS2_Hsu-3L
WS2_WS2_Jung,VISNIR_ANY_WS2_Jung_0.3814_0.8935um,UNIQUE,middle_exact:WS2_Jung,1,VISNIR_ANY_WS2_Jung_0.3814_0.8935um,WS2_WS2_Jung;WS2_Jung
WS2_WS2_Munkhbat-e,VISNIR_ANY_WS2_Munkhbat-e_0.3_1.1um,UNIQUE,middle_exact:WS2_Munkhbat-e,1,VISNIR_ANY_WS2_Munkhbat-e_0.3_1.1um,WS2_WS2_Munkhbat-e;WS2_Munkhbat-e
WS2_WS2_Munkhbat-o,VISNIR_ANY_WS2_Munkhbat-o_0.3_1.1um,UNIQUE,middle_exact:WS2_Munkhbat-o,1,VISNIR_ANY_WS2_Munkhbat-o_0.3_1.1um,WS2_WS2_Munkhbat-o;WS2_Munkhbat-o
WS2_WS2_Vyshnevyy-e,VISNIR_ANY_WS2_Vyshnevyy-e_0.36_1.1um,UNIQUE,middle_exact:WS2_Vyshnevyy-e,1,VISNIR_ANY_WS2_Vyshnevyy-e_0.36_1.1um,WS2_WS2_Vyshnevyy-e;WS2_Vyshnevyy-e
WS2_WS2_Vyshnevyy-o,VISNIR_ANY_WS2_Vyshnevyy-o_0.36_1.1um,UNIQUE,middle_exact:WS2_Vyshnevyy-o,1,VISNIR_ANY_WS2_Vyshnevyy-o_0.36_1.1um,WS2_WS2_Vyshnevyy-o;WS2_Vyshnevyy-o
WS2_WS2_Zotev-e,VISNIR_ANY_WS2_Zotev-e_0.36_1um,UNIQUE,middle_exact:WS2_Zotev-e,1,VISNIR_ANY_WS2_Zotev-e_0.36_1um,WS2_WS2_Zotev-e;WS2_Zotev-e
WS2_WS2_Zotev-o,VISNIR_ANY_WS2_Zotev-o_0.36_1um,UNIQUE,middle_exact:WS2_Zotev-o,1,VISNIR_ANY_WS2_Zotev-o_0.36_1um,WS2_WS2_Zotev-o;WS2_Zotev-o
WSe2_WSe2_Ermolaev,VISNIR_ANY_WSe2_Ermolaev_0.301_1.1um,UNIQUE,middle_exact:WSe2_Ermolaev,1,VISNIR_ANY_WSe2_Ermolaev_0.301_1.1um,WSe2_WSe2_Ermolaev;WSe2_Ermolaev
WSe2_WSe2_Gu-1L,VISNIR_ANY_WSe2_Gu-1L_0.3_1.1um,UNIQUE,middle_exact:WSe2_Gu-1L,1,VISNIR_ANY_WSe2_Gu-1L_0.3_1.1um,WSe2_WSe2_Gu-1L;WSe2_Gu-1L
WSe2_WSe2_Gu-2L,VISNIR_ANY_WSe2_Gu-2L_0.3_1.1um,UNIQUE,middle_exact:WSe2_Gu-2L,1,VISNIR_ANY_WSe2_Gu-2L_0.3_1.1um,WSe2_WSe2_Gu-2L;WSe2_Gu-2L
WSe2_WSe2_Gu-3L,VISNIR_ANY_WSe2_Gu-3L_0.3_1.1um,UNIQUE,middle_exact:WSe2_Gu-3L,1,VISNIR_ANY_WSe2_Gu-3L_0.3_1.1um,WSe2_WSe2_Gu-3L;WSe2_Gu-3L
WSe2_WSe2_Gu-4L,VISNIR_ANY_WSe2_Gu-4L_0.3_1.1um,UNIQUE,middle_exact:WSe2_Gu-4L,1,VISNIR_ANY_WSe2_Gu-4L_0.3_1.1um,WSe2_WSe2_Gu-4L;WSe2_Gu-4L
WSe2_WSe2_Gu-5L,VISNIR_ANY_WSe2_Gu-5L_0.3_1.1um,UNIQUE,middle_exact:WSe2_Gu-5L,1,VISNIR_ANY_WSe2_Gu-5L_0.3_1.1um,WSe2_WSe2_Gu-5L;WSe2_Gu-5L
WSe2_WSe2_Hsu-1L,VISNIR_ANY_WSe2_Hsu-1L_0.397_0.8502um,UNIQUE,middle_exact:WSe2_Hsu-1L,1,VISNIR_ANY_WSe2_Hsu-1L_0.397_0.8502um,WSe2_WSe2_Hsu-1L;WSe2_Hsu-1L
WSe2_WSe2_Hsu-2L,VISNIR_ANY_WSe2_Hsu-2L_0.397_0.8502um,UNIQUE,middle_exact:WSe2_Hsu-2L,1,VISNIR_ANY_WSe2_Hsu-2L_0.397_0.8502um,WSe2_WSe2_Hsu-2L;WSe2_Hsu-2L
WSe2_WSe2_Hsu-3L,VISNIR_ANY_WSe2_Hsu-3L_0.397_0.8502um,UNIQUE,middle_exact:WSe2_Hsu-3L,1,VISNIR_ANY_WSe2_Hsu-3L_0.397_0.8502um,WSe2_WSe2_Hsu-3L;WSe2_Hsu-3L
WSe2_WSe2_Jung,VISNIR_ANY_WSe2_Jung_0.3814_0.8935um,UNIQUE,middle_exact:WSe2_Jung,1,VISNIR_ANY_WSe2_Jung_0.3814_0.8935um,WSe2_WSe2_Jung;WSe2_Jung
WSe2_WSe2_Munkhbat-e,VISNIR_ANY_WSe2_Munkhbat-e_0.3_1.1um,UNIQUE,middle_exact:WSe2_Munkhbat-e,1,VISNIR_ANY_WSe2_Munkhbat-e_0.3_1.1um,WSe2_WSe2_Munkhbat-e;WSe2_Munkhbat-e
WSe2_WSe2_Munkhbat-o,VISNIR_ANY_WSe2_Munkhbat-o_0.3_1.1um,UNIQUE,middle_exact:WSe2_Munkhbat-o,1,VISNIR_ANY_WSe2_Munkhbat-o_0.3_1.1um,WSe2_WSe2_Munkhbat-o;WSe2_Munkhbat-o
WSe2_WSe2_Ushkov-e,VISNIR_ANY_WSe2_Ushkov-e_0.36_1.1um,UNIQUE,middle_exact:WSe2_Ushkov-e,1,VISNIR_ANY_WSe2_Ushkov-e_0.36_1.1um,WSe2_WSe2_Ushkov-e;WSe2_Ushkov-e
WSe2_WSe2_Ushkov-o,VISNIR_ANY_WSe2_Ushkov-o_0.36_1.1um,UNIQUE,middle_exact:WSe2_Ushkov-o,1,VISNIR_ANY_WSe2_Ushkov-o_0.36_1.1um,WSe2_WSe2_Ushkov-o;WSe2_Ushkov-o
WSe2_WSe2_Zotev-e,VISNIR_ANY_WSe2_Zotev-e_0.36_1um,UNIQUE,middle_exact:WSe2_Zotev-e,1,VISNIR_ANY_WSe2_Zotev-e_0.36_1um,WSe2_WSe2_Zotev-e;WSe2_Zotev-e
WSe2_WSe2_Zotev-o,VISNIR_ANY_WSe2_Zotev-o_0.36_1um,UNIQUE,middle_exact:WSe2_Zotev-o,1,VISNIR_ANY_WSe2_Zotev-o_0.36_1um,WSe2_WSe2_Zotev-o;WSe2_Zotev-o
W_W_Rakic-BB,VISNIR_ANY_W_Rakic-BB_0.3_1.1um,UNIQUE,middle_exact:W_Rakic-BB,1,VISNIR_ANY_W_Rakic-BB_0.3_1.1um,W_W_Rakic-BB;W_Rakic-BB
W_W_Rakic-LD,VISNIR_ANY_W_Rakic-LD_0.3_1.1um,UNIQUE,middle_exact:W_Rakic-LD,1,VISNIR_ANY_W_Rakic-LD_0.3_1.1um,W_W_Rakic-LD;W_Rakic-LD
W_W_Weaver,VISNIR_ANY_W_Weaver_0.3_1.1um,UNIQUE,middle_exact:W_Weaver,1,VISNIR_ANY_W_Weaver_0.3_1.1um,W_W_Weaver;W_Weaver
W_W_Werner,VISNIR_ANY_W_Werner_0.3_1.1um,UNIQUE,middle_exact:W_Werner,1,VISNIR_ANY_W_Werner_0.3_1.1um,W_W_Werner;W_Werner
W_W_Werner-DFT,VISNIR_ANY_W_Werner-DFT_0.3_1.1um,UNIQUE,middle_exact:W_Werner-DFT,1,VISNIR_ANY_W_Werner-DFT_0.3_1.1um,W_W_Werner-DFT;W_Werner-DFT
ZnO_ZnO_Aguilar,VISNIR_ANY_ZnO_Aguilar_0.3_1.1um,UNIQUE,middle_exact:ZnO_Aguilar,1,VISNIR_ANY_ZnO_Aguilar_0.3_1.1um,ZnO_ZnO_Aguilar;ZnO_Aguilar
ZnO_ZnO_Querry,VISNIR_ANY_ZnO_Querry_0.3_1.1um,UNIQUE,middle_exact:ZnO_Querry,1,VISNIR_ANY_ZnO_Querry_0.3_1.1um,ZnO_ZnO_Querry;ZnO_Querry
ZnO_ZnO_Stelling,VISNIR_ANY_ZnO_Stelling_0.3016_1.1um,UNIQUE,middle_exact:ZnO_Stelling,1,VISNIR_ANY_ZnO_Stelling_0.3016_1.1um,ZnO_ZnO_Stelling;ZnO_Stelling
ZnS_ZnS_Ozaki,VISNIR_ANY_ZnS_Ozaki_0.3_1.033um,UNIQUE,middle_exact:ZnS_Ozaki,1,VISNIR_ANY_ZnS_Ozaki_0.3_1.033um,ZnS_ZnS_Ozaki;ZnS_Ozaki
ZnS_ZnS_Querry,VISNIR_ANY_ZnS_Querry_0.3_1.1um,UNIQUE,middle_exact:ZnS_Querry,1,VISNIR_ANY_ZnS_Querry_0.3_1.1um,ZnS_ZnS_Querry;ZnS_Querry
ZnSe_ZnSe_Adachi,VISNIR_ANY_ZnSe_Adachi_0.3_0.8266um,UNIQUE,middle_exact:ZnSe_Adachi,1,VISNIR_ANY_ZnSe_Adachi_0.3_0.8266um,ZnSe_ZnSe_Adachi;ZnSe_Adachi
ZnSe_ZnSe_Querry,VISNIR_ANY_ZnSe_Querry_0.5_1.1um,UNIQUE,middle_exact:ZnSe_Querry,1,VISNIR_ANY_ZnSe_Querry_0.5_1.1um,ZnSe_ZnSe_Querry;ZnSe_Querry
ZrO2_ZrO2_Synowicki,VISNIR_ANY_ZrO2_Synowicki_0.3_1.1um,UNIQUE,middle_exact:ZrO2_Synowicki,1,VISNIR_ANY_ZrO2_Synowicki_0.3_1.1um,ZrO2_ZrO2_Synowicki;ZrO2_Synowicki
